order_item_id,order_id,product_id,product_name,category,subcategory,brand,quantity,unit_price,total_price
OI00002264,ORD0001157,P042,Dell ion 32GB RAM 512GB SSD,Electronics,Laptop,Dell,1,44211.0,44211.0
OI00002265,ORD0001158,P013,OnePlus 13 256GB Black,Electronics,Smartphone,OnePlus,1,75619.0,75619.0
OI00002266,ORD0001159,P056,Lakme Shampoo,Beauty,Haircare,Lakme,1,952.0,952.0
OI00002267,ORD0001159,P034,Lakme Lipstick,Beauty,Makeup,Lakme,1,325.0,325.0
OI00002268,ORD0001160,P005,Nivea Face Wash,Beauty,Skincare,Nivea,1,1130.0,1130.0
OI00002269,ORD0001161,P177,Puma Sneakers Size 9,Sports,Shoes,Puma,1,5810.0,5810.0
OI00002270,ORD0001161,P020,Puma Yoga Mat,Sports,Equipment,Puma,1,12458.0,12458.0
OI00002271,ORD0001162,P048,Nivea Moisturizer,Beauty,Skincare,Nivea,1,1859.0,1859.0
OI00002272,ORD0001162,P034,Lakme Lipstick,Beauty,Makeup,Lakme,1,325.0,325.0
OI00002273,ORD0001163,P003,Nivea Shampoo,Beauty,Haircare,Nivea,1,201.0,201.0
OI00002274,ORD0001164,P038,Adidas Running Shoes Size 9,Sports,Shoes,Adidas,1,1414.0,1414.0
OI00002275,ORD0001164,P020,Puma Yoga Mat,Sports,Equipment,Puma,1,12458.0,12458.0
OI00002276,ORD0001164,P150,Adidas Track Pants,Sports,Activewear,Adidas,1,2331.0,2331.0
OI00002277,ORD0001165,P006,UrbanCo Lamp,Home,Decor,UrbanCo,1,2790.0,2790.0
OI00002278,ORD0001165,P139,UrbanCo Wooden Chair Large,Home,Furniture,UrbanCo,1,8748.0,8748.0
OI00002279,ORD0001166,P169,Nike Sneakers Size 10,Sports,Shoes,Nike,1,1381.0,1381.0
OI00002280,ORD0001166,P046,Nike Running Shoes Size 8,Sports,Shoes,Nike,1,5354.0,5354.0
OI00002281,ORD0001166,P038,Adidas Running Shoes Size 9,Sports,Shoes,Adidas,2,1414.0,2828.0
OI00002282,ORD0001167,P079,Boat Charger,Electronics,Accessories,Boat,1,379.0,379.0
OI00002283,ORD0001167,P069,Apple iPhone 13 128GB Black,Electronics,Smartphone,Apple,1,65851.0,65851.0
OI00002284,ORD0001167,P176,Apple Mac Air 16GB RAM 256GB SSD,Electronics,Laptop,Apple,1,71910.0,71910.0
OI00002285,ORD0001168,P017,Lakme Face Wash,Beauty,Skincare,Lakme,1,1574.0,1574.0
OI00002286,ORD0001168,P048,Nivea Moisturizer,Beauty,Skincare,Nivea,1,1859.0,1859.0
OI00002287,ORD0001168,P007,Lakme Hair Oil,Beauty,Haircare,Lakme,1,1471.0,1471.0
OI00002288,ORD0001169,P007,Lakme Hair Oil,Beauty,Haircare,Lakme,1,1471.0,1471.0
OI00002289,ORD0001170,P005,Nivea Face Wash,Beauty,Skincare,Nivea,1,1130.0,1130.0
OI00002290,ORD0001170,P003,Nivea Shampoo,Beauty,Haircare,Nivea,1,201.0,201.0
OI00002291,ORD0001171,P001,Samsung Charger,Electronics,Accessories,Samsung,1,1356.0,1356.0
OI00002292,ORD0001171,P079,Boat Charger,Electronics,Accessories,Boat,1,379.0,379.0
OI00002293,ORD0001172,P093,Zara Green Polyester Jeans,Clothing,Jeans,Zara,1,1066.0,1066.0
OI00002294,ORD0001172,P125,Zara Blue Denim Jeans,Clothing,Jeans,Zara,2,2480.0,4960.0
OI00002295,ORD0001172,P044,H&M White Denim Jacket,Clothing,Jackets,H&M,1,5683.0,5683.0
OI00002296,ORD0001173,P173,Zara Green Denim T-Shirt,Clothing,T-Shirts,Zara,1,473.0,473.0
OI00002297,ORD0001173,P157,H&M White Polyester T-Shirt,Clothing,T-Shirts,H&M,1,801.0,801.0
OI00002298,ORD0001173,P125,Zara Blue Denim Jeans,Clothing,Jeans,Zara,1,2480.0,2480.0
OI00002299,ORD0001174,P192,Zara Black Cotton Jacket,Clothing,Jackets,Zara,1,2258.0,2258.0
OI00002300,ORD0001175,P010,Samsung Phone Case,Electronics,Accessories,Samsung,1,1711.0,1711.0
OI00002301,ORD0001175,P069,Apple iPhone 13 128GB Black,Electronics,Smartphone,Apple,1,65851.0,65851.0
OI00002302,ORD0001175,P075,Apple 8 256GB Black,Electronics,Smartphone,Apple,1,66064.0,66064.0
OI00002303,ORD0001176,P021,H&M Red Polyester T-Shirt,Clothing,T-Shirts,H&M,1,370.0,370.0
OI00002304,ORD0001177,P056,Lakme Shampoo,Beauty,Haircare,Lakme,1,952.0,952.0
OI00002305,ORD0001177,P003,Nivea Shampoo,Beauty,Haircare,Nivea,1,201.0,201.0
OI00002306,ORD0001177,P005,Nivea Face Wash,Beauty,Skincare,Nivea,1,1130.0,1130.0
OI00002307,ORD0001178,P132,Adidas Running Shoes Size 7,Sports,Shoes,Adidas,1,3001.0,3001.0
OI00002308,ORD0001178,P038,Adidas Running Shoes Size 9,Sports,Shoes,Adidas,1,1414.0,1414.0
OI00002309,ORD0001179,P189,H&M Red Polyester Shirt,Clothing,Shirts,H&M,1,2483.0,2483.0
OI00002310,ORD0001179,P103,Zara Red Cotton Jacket,Clothing,Jackets,Zara,1,2086.0,2086.0
OI00002311,ORD0001179,P035,Zara Red Denim Shirt,Clothing,Shirts,Zara,1,2759.0,2759.0
OI00002312,ORD0001180,P126,UrbanCo Wooden Sofa Medium,Home,Furniture,UrbanCo,1,5133.0,5133.0
OI00002313,ORD0001180,P139,UrbanCo Wooden Chair Large,Home,Furniture,UrbanCo,1,8748.0,8748.0
OI00002314,ORD0001181,P004,UrbanCo Mixer,Home,Kitchen,UrbanCo,1,3983.0,3983.0
OI00002315,ORD0001182,P038,Adidas Running Shoes Size 9,Sports,Shoes,Adidas,1,1414.0,1414.0
OI00002316,ORD0001182,P045,Puma Running Shoes Size 10,Sports,Shoes,Puma,1,6410.0,6410.0
OI00002317,ORD0001182,P029,Adidas Running Shoes Size 8,Sports,Shoes,Adidas,1,2068.0,2068.0
OI00002318,ORD0001183,P093,Zara Green Polyester Jeans,Clothing,Jeans,Zara,1,1066.0,1066.0
OI00002319,ORD0001183,P192,Zara Black Cotton Jacket,Clothing,Jackets,Zara,1,2258.0,2258.0
OI00002320,ORD0001184,P003,Nivea Shampoo,Beauty,Haircare,Nivea,1,201.0,201.0
OI00002321,ORD0001184,P036,Nivea Hair Oil,Beauty,Haircare,Nivea,1,877.0,877.0
OI00002322,ORD0001184,P017,Lakme Face Wash,Beauty,Skincare,Lakme,1,1574.0,1574.0
OI00002323,ORD0001185,P155,Adidas Sports T-Shirt,Sports,Activewear,Adidas,1,1397.0,1397.0
OI00002324,ORD0001185,P046,Nike Running Shoes Size 8,Sports,Shoes,Nike,1,5354.0,5354.0
OI00002325,ORD0001186,P025,Lakme Foundation,Beauty,Makeup,Lakme,1,462.0,462.0
OI00002326,ORD0001186,P048,Nivea Moisturizer,Beauty,Skincare,Nivea,1,1859.0,1859.0
OI00002327,ORD0001186,P005,Nivea Face Wash,Beauty,Skincare,Nivea,1,1130.0,1130.0
OI00002328,ORD0001187,P051,Zara Red Polyester T-Shirt,Clothing,T-Shirts,Zara,1,349.0,349.0
OI00002329,ORD0001187,P082,H&M Green Denim Jacket,Clothing,Jackets,H&M,1,3964.0,3964.0
OI00002330,ORD0001187,P196,Zara White Denim Jacket,Clothing,Jackets,Zara,1,4542.0,4542.0
OI00002331,ORD0001188,P195,H&M Green Denim Jeans,Clothing,Jeans,H&M,1,1812.0,1812.0
OI00002332,ORD0001188,P163,Zara White Polyester Shirt,Clothing,Shirts,Zara,1,636.0,636.0
OI00002333,ORD0001188,P193,H&M Red Cotton Jeans,Clothing,Jeans,H&M,1,1646.0,1646.0
OI00002334,ORD0001189,P174,Zara Green Polyester T-Shirt,Clothing,T-Shirts,Zara,1,724.0,724.0
OI00002335,ORD0001189,P149,Zara Blue Denim Jacket,Clothing,Jackets,Zara,1,7491.0,7491.0
OI00002336,ORD0001190,P012,Nivea Foundation,Beauty,Makeup,Nivea,1,2237.0,2237.0
OI00002337,ORD0001191,P173,Zara Green Denim T-Shirt,Clothing,T-Shirts,Zara,1,473.0,473.0
OI00002338,ORD0001191,P136,Zara Red Cotton Shirt,Clothing,Shirts,Zara,1,1369.0,1369.0
OI00002339,ORD0001192,P183,Nike Sneakers Size 9,Sports,Shoes,Nike,1,1083.0,1083.0
OI00002340,ORD0001192,P074,Nike Running Shoes Size 9,Sports,Shoes,Nike,1,4123.0,4123.0
OI00002341,ORD0001193,P036,Nivea Hair Oil,Beauty,Haircare,Nivea,1,877.0,877.0
OI00002342,ORD0001194,P003,Nivea Shampoo,Beauty,Haircare,Nivea,1,201.0,201.0
OI00002343,ORD0001195,P130,Apple G21 128GB Black,Electronics,Smartphone,Apple,1,67400.0,67400.0
OI00002344,ORD0001196,P057,H&M Blue Denim Jeans,Clothing,Jeans,H&M,1,1555.0,1555.0
OI00002345,ORD0001196,P196,Zara White Denim Jacket,Clothing,Jackets,Zara,1,4542.0,4542.0
OI00002346,ORD0001196,P146,H&M Blue Polyester Shirt,Clothing,Shirts,H&M,1,2713.0,2713.0
OI00002347,ORD0001197,P010,Samsung Phone Case,Electronics,Accessories,Samsung,1,1711.0,1711.0
OI00002348,ORD0001197,P181,HP PS 16GB RAM 1TB SSD,Electronics,Laptop,HP,1,42181.0,42181.0
OI00002349,ORD0001198,P014,Nike Track Pants,Sports,Activewear,Nike,1,1075.0,1075.0
OI00002350,ORD0001198,P038,Adidas Running Shoes Size 9,Sports,Shoes,Adidas,1,1414.0,1414.0
OI00002351,ORD0001199,P015,Nike Dumbbells,Sports,Equipment,Nike,1,4660.0,4660.0
OI00002352,ORD0001200,P040,Samsung Power Bank,Electronics,Accessories,Samsung,1,2575.0,2575.0
OI00002353,ORD0001200,P072,OnePlus Nord CE3 256GB Blue,Electronics,Smartphone,OnePlus,1,44563.0,44563.0
OI00002354,ORD0001201,P036,Nivea Hair Oil,Beauty,Haircare,Nivea,1,877.0,877.0
OI00002355,ORD0001201,P034,Lakme Lipstick,Beauty,Makeup,Lakme,2,325.0,650.0
OI00002356,ORD0001201,P009,Nivea Lipstick,Beauty,Makeup,Nivea,1,2838.0,2838.0
OI00002357,ORD0001202,P155,Adidas Sports T-Shirt,Sports,Activewear,Adidas,1,1397.0,1397.0
OI00002358,ORD0001202,P159,Puma Sneakers Size 10,Sports,Shoes,Puma,1,4766.0,4766.0
OI00002359,ORD0001202,P177,Puma Sneakers Size 9,Sports,Shoes,Puma,1,5810.0,5810.0
OI00002360,ORD0001203,P117,Nike Running Shoes Size 10,Sports,Shoes,Nike,1,5153.0,5153.0
OI00002361,ORD0001203,P132,Adidas Running Shoes Size 7,Sports,Shoes,Adidas,1,3001.0,3001.0
OI00002362,ORD0001204,P191,H&M White Cotton Shirt,Clothing,Shirts,H&M,1,983.0,983.0
OI00002363,ORD0001204,P140,Zara Red Denim T-Shirt,Clothing,T-Shirts,Zara,1,914.0,914.0
OI00002364,ORD0001205,P084,H&M White Polyester Jeans,Clothing,Jeans,H&M,1,2041.0,2041.0
OI00002365,ORD0001205,P090,Zara Red Polyester Shirt,Clothing,Shirts,Zara,1,801.0,801.0
OI00002366,ORD0001205,P194,Zara Blue Polyester Jeans,Clothing,Jeans,Zara,1,2697.0,2697.0
OI00002367,ORD0001206,P020,Puma Yoga Mat,Sports,Equipment,Puma,1,12458.0,12458.0
OI00002368,ORD0001207,P132,Adidas Running Shoes Size 7,Sports,Shoes,Adidas,1,3001.0,3001.0
OI00002369,ORD0001207,P117,Nike Running Shoes Size 10,Sports,Shoes,Nike,1,5153.0,5153.0
OI00002370,ORD0001207,P152,Adidas Sneakers Size 9,Sports,Shoes,Adidas,1,7939.0,7939.0
OI00002371,ORD0001208,P045,Puma Running Shoes Size 10,Sports,Shoes,Puma,1,6410.0,6410.0
OI00002372,ORD0001209,P055,Sony Wireless Earbuds,Electronics,Headphones,Sony,1,3070.0,3070.0
OI00002373,ORD0001209,P049,Dell XPS 16GB RAM 512GB SSD,Electronics,Laptop,Dell,1,36316.0,36316.0
OI00002374,ORD0001209,P147,Apple 21 256GB Green,Electronics,Smartphone,Apple,1,33658.0,33658.0
OI00002375,ORD0001210,P040,Samsung Power Bank,Electronics,Accessories,Samsung,1,2575.0,2575.0
OI00002376,ORD0001211,P026,UrbanCo Wall Art,Home,Decor,UrbanCo,1,1607.0,1607.0
OI00002377,ORD0001211,P164,UrbanCo Metal Sofa Medium,Home,Furniture,UrbanCo,1,15712.0,15712.0
OI00002378,ORD0001211,P165,UrbanCo Metal Sofa Large,Home,Furniture,UrbanCo,1,6328.0,6328.0
OI00002379,ORD0001212,P183,Nike Sneakers Size 9,Sports,Shoes,Nike,1,1083.0,1083.0
OI00002380,ORD0001212,P046,Nike Running Shoes Size 8,Sports,Shoes,Nike,1,5354.0,5354.0
OI00002381,ORD0001213,P179,Zara Black Polyester Shirt,Clothing,Shirts,Zara,1,2943.0,2943.0
OI00002382,ORD0001213,P192,Zara Black Cotton Jacket,Clothing,Jackets,Zara,2,2258.0,4516.0
OI00002383,ORD0001214,P165,UrbanCo Metal Sofa Large,Home,Furniture,UrbanCo,1,6328.0,6328.0
OI00002384,ORD0001215,P198,Zara Black Polyester Jeans,Clothing,Jeans,Zara,1,2065.0,2065.0
OI00002385,ORD0001215,P111,Zara Blue Cotton Jacket,Clothing,Jackets,Zara,1,4201.0,4201.0
OI00002386,ORD0001215,P103,Zara Red Cotton Jacket,Clothing,Jackets,Zara,1,2086.0,2086.0
OI00002387,ORD0001216,P054,Adidas Yoga Mat,Sports,Equipment,Adidas,1,5689.0,5689.0
OI00002388,ORD0001217,P008,Sony Bluetooth Headphones,Electronics,Headphones,Sony,1,2561.0,2561.0
OI00002389,ORD0001218,P074,Nike Running Shoes Size 9,Sports,Shoes,Nike,1,4123.0,4123.0
OI00002390,ORD0001219,P027,Zara Black Cotton Shirt,Clothing,Shirts,Zara,1,836.0,836.0
OI00002391,ORD0001219,P106,H&M Green Polyester T-Shirt,Clothing,T-Shirts,H&M,1,806.0,806.0
OI00002392,ORD0001220,P005,Nivea Face Wash,Beauty,Skincare,Nivea,1,1130.0,1130.0
OI00002393,ORD0001220,P003,Nivea Shampoo,Beauty,Haircare,Nivea,1,201.0,201.0
OI00002394,ORD0001221,P023,Zara White Cotton T-Shirt,Clothing,T-Shirts,Zara,1,474.0,474.0
OI00002395,ORD0001222,P006,UrbanCo Lamp,Home,Decor,UrbanCo,1,2790.0,2790.0
OI00002396,ORD0001222,P016,UrbanCo Cookware Set,Home,Kitchen,UrbanCo,1,8363.0,8363.0
OI00002397,ORD0001223,P119,Lakme Moisturizer,Beauty,Skincare,Lakme,1,1751.0,1751.0
OI00002398,ORD0001224,P089,Apple Macbook Air 16GB RAM 256GB SSD,Electronics,Laptop,Apple,1,88750.0,88750.0
OI00002399,ORD0001224,P069,Apple iPhone 13 128GB Black,Electronics,Smartphone,Apple,1,65851.0,65851.0
OI00002400,ORD0001225,P082,H&M Green Denim Jacket,Clothing,Jackets,H&M,1,3964.0,3964.0
OI00002401,ORD0001225,P078,Zara Red Polyester Jeans,Clothing,Jeans,Zara,1,2265.0,2265.0
OI00002402,ORD0001226,P133,H&M Green Polyester Jeans,Clothing,Jeans,H&M,1,1292.0,1292.0
OI00002403,ORD0001226,P124,H&M Red Cotton Jacket,Clothing,Jackets,H&M,1,4779.0,4779.0
OI00002404,ORD0001226,P166,H&M Black Cotton Jacket,Clothing,Jackets,H&M,1,4254.0,4254.0
OI00002405,ORD0001227,P145,UrbanCo Metal Dining Table Medium,Home,Furniture,UrbanCo,1,26201.0,26201.0
OI00002406,ORD0001228,P103,Zara Red Cotton Jacket,Clothing,Jackets,Zara,1,2086.0,2086.0
OI00002407,ORD0001229,P126,UrbanCo Wooden Sofa Medium,Home,Furniture,UrbanCo,1,5133.0,5133.0
OI00002408,ORD0001229,P092,UrbanCo Wooden Chair Small,Home,Furniture,UrbanCo,1,17541.0,17541.0
OI00002409,ORD0001229,P127,UrbanCo Metal Chair Medium,Home,Furniture,UrbanCo,1,21994.0,21994.0
OI00002410,ORD0001230,P150,Adidas Track Pants,Sports,Activewear,Adidas,1,2331.0,2331.0
OI00002411,ORD0001230,P029,Adidas Running Shoes Size 8,Sports,Shoes,Adidas,1,2068.0,2068.0
OI00002412,ORD0001231,P014,Nike Track Pants,Sports,Activewear,Nike,1,1075.0,1075.0
OI00002413,ORD0001232,P084,H&M White Polyester Jeans,Clothing,Jeans,H&M,1,2041.0,2041.0
OI00002414,ORD0001233,P040,Samsung Power Bank,Electronics,Accessories,Samsung,1,2575.0,2575.0
OI00002415,ORD0001233,P171,Dell Aspire 8GB RAM 1TB SSD,Electronics,Laptop,Dell,1,97434.0,97434.0
OI00002416,ORD0001234,P003,Nivea Shampoo,Beauty,Haircare,Nivea,1,201.0,201.0
OI00002417,ORD0001234,P005,Nivea Face Wash,Beauty,Skincare,Nivea,2,1130.0,2260.0
OI00002418,ORD0001235,P066,Puma Running Shoes Size 7,Sports,Shoes,Puma,1,6273.0,6273.0
OI00002419,ORD0001235,P132,Adidas Running Shoes Size 7,Sports,Shoes,Adidas,1,3001.0,3001.0
OI00002420,ORD0001236,P003,Nivea Shampoo,Beauty,Haircare,Nivea,1,201.0,201.0
OI00002421,ORD0001236,P007,Lakme Hair Oil,Beauty,Haircare,Lakme,2,1471.0,2942.0
OI00002422,ORD0001237,P080,Boat Phone Case,Electronics,Accessories,Boat,1,1006.0,1006.0
OI00002423,ORD0001237,P171,Dell Aspire 8GB RAM 1TB SSD,Electronics,Laptop,Dell,1,97434.0,97434.0
OI00002424,ORD0001238,P082,H&M Green Denim Jacket,Clothing,Jackets,H&M,1,3964.0,3964.0
OI00002425,ORD0001238,P108,H&M White Denim T-Shirt,Clothing,T-Shirts,H&M,1,1041.0,1041.0
OI00002426,ORD0001239,P155,Adidas Sports T-Shirt,Sports,Activewear,Adidas,1,1397.0,1397.0
OI00002427,ORD0001239,P132,Adidas Running Shoes Size 7,Sports,Shoes,Adidas,1,3001.0,3001.0
OI00002428,ORD0001239,P188,Adidas Sneakers Size 8,Sports,Shoes,Adidas,1,7253.0,7253.0
OI00002429,ORD0001240,P040,Samsung Power Bank,Electronics,Accessories,Samsung,1,2575.0,2575.0
OI00002430,ORD0001240,P167,Dell Aspire 8GB RAM 512GB SSD,Electronics,Laptop,Dell,1,62238.0,62238.0
OI00002431,ORD0001241,P029,Adidas Running Shoes Size 8,Sports,Shoes,Adidas,1,2068.0,2068.0
OI00002432,ORD0001242,P057,H&M Blue Denim Jeans,Clothing,Jeans,H&M,1,1555.0,1555.0
OI00002433,ORD0001243,P034,Lakme Lipstick,Beauty,Makeup,Lakme,1,325.0,325.0
OI00002434,ORD0001243,P025,Lakme Foundation,Beauty,Makeup,Lakme,2,462.0,924.0
OI00002435,ORD0001244,P007,Lakme Hair Oil,Beauty,Haircare,Lakme,1,1471.0,1471.0
OI00002436,ORD0001244,P005,Nivea Face Wash,Beauty,Skincare,Nivea,1,1130.0,1130.0
OI00002437,ORD0001245,P025,Lakme Foundation,Beauty,Makeup,Lakme,1,462.0,462.0
OI00002438,ORD0001245,P005,Nivea Face Wash,Beauty,Skincare,Nivea,2,1130.0,2260.0
OI00002439,ORD0001245,P012,Nivea Foundation,Beauty,Makeup,Nivea,2,2237.0,4474.0
OI00002440,ORD0001246,P119,Lakme Moisturizer,Beauty,Skincare,Lakme,1,1751.0,1751.0
OI00002441,ORD0001247,P114,JBL Wireless Earbuds,Electronics,Headphones,JBL,1,2898.0,2898.0
OI00002442,ORD0001247,P076,Apple Macbook M1 16GB RAM 1TB SSD,Electronics,Laptop,Apple,1,102719.0,102719.0
OI00002443,ORD0001247,P102,Samsung Galaxy S21 256GB Blue,Electronics,Smartphone,Samsung,1,78241.0,78241.0
OI00002444,ORD0001248,P017,Lakme Face Wash,Beauty,Skincare,Lakme,1,1574.0,1574.0
OI00002445,ORD0001249,P132,Adidas Running Shoes Size 7,Sports,Shoes,Adidas,1,3001.0,3001.0
OI00002446,ORD0001249,P152,Adidas Sneakers Size 9,Sports,Shoes,Adidas,1,7939.0,7939.0
OI00002447,ORD0001249,P066,Puma Running Shoes Size 7,Sports,Shoes,Puma,1,6273.0,6273.0
OI00002448,ORD0001250,P062,H&M Green Polyester Jacket,Clothing,Jackets,H&M,1,6565.0,6565.0
OI00002449,ORD0001251,P003,Nivea Shampoo,Beauty,Haircare,Nivea,1,201.0,201.0
OI00002450,ORD0001252,P063,UrbanCo Metal Chair Large,Home,Furniture,UrbanCo,1,4232.0,4232.0
OI00002451,ORD0001253,P001,Samsung Charger,Electronics,Accessories,Samsung,1,1356.0,1356.0
OI00002452,ORD0001253,P089,Apple Macbook Air 16GB RAM 256GB SSD,Electronics,Laptop,Apple,1,88750.0,88750.0
OI00002453,ORD0001253,P067,Boat Wireless Earbuds,Electronics,Headphones,Boat,2,2941.0,5882.0
OI00002454,ORD0001254,P078,Zara Red Polyester Jeans,Clothing,Jeans,Zara,1,2265.0,2265.0
OI00002455,ORD0001254,P107,Zara Black Polyester T-Shirt,Clothing,T-Shirts,Zara,1,616.0,616.0
OI00002456,ORD0001254,P027,Zara Black Cotton Shirt,Clothing,Shirts,Zara,1,836.0,836.0
OI00002457,ORD0001255,P017,Lakme Face Wash,Beauty,Skincare,Lakme,1,1574.0,1574.0
OI00002458,ORD0001256,P051,Zara Red Polyester T-Shirt,Clothing,T-Shirts,Zara,1,349.0,349.0
OI00002459,ORD0001256,P195,H&M Green Denim Jeans,Clothing,Jeans,H&M,1,1812.0,1812.0
OI00002460,ORD0001257,P015,Nike Dumbbells,Sports,Equipment,Nike,1,4660.0,4660.0
OI00002461,ORD0001258,P009,Nivea Lipstick,Beauty,Makeup,Nivea,1,2838.0,2838.0
OI00002462,ORD0001259,P104,OnePlus Galaxy S21 128GB Black,Electronics,Smartphone,OnePlus,1,20198.0,20198.0
OI00002463,ORD0001259,P184,Dell HP Pavilion 8GB RAM 1TB SSD,Electronics,Laptop,Dell,1,115198.0,115198.0
OI00002464,ORD0001259,P052,Apple Air 8GB RAM 1TB SSD,Electronics,Laptop,Apple,1,40493.0,40493.0
OI00002465,ORD0001260,P117,Nike Running Shoes Size 10,Sports,Shoes,Nike,1,5153.0,5153.0
OI00002466,ORD0001261,P061,H&M Black Polyester Shirt,Clothing,Shirts,H&M,1,1694.0,1694.0
OI00002467,ORD0001261,P136,Zara Red Cotton Shirt,Clothing,Shirts,Zara,1,1369.0,1369.0
OI00002468,ORD0001262,P001,Samsung Charger,Electronics,Accessories,Samsung,1,1356.0,1356.0
OI00002469,ORD0001262,P181,HP PS 16GB RAM 1TB SSD,Electronics,Laptop,HP,1,42181.0,42181.0
OI00002470,ORD0001262,P032,Samsung Galaxy S21 256GB Red,Electronics,Smartphone,Samsung,1,74099.0,74099.0
OI00002471,ORD0001263,P055,Sony Wireless Earbuds,Electronics,Headphones,Sony,1,3070.0,3070.0
OI00002472,ORD0001264,P157,H&M White Polyester T-Shirt,Clothing,T-Shirts,H&M,1,801.0,801.0
OI00002473,ORD0001264,P173,Zara Green Denim T-Shirt,Clothing,T-Shirts,Zara,1,473.0,473.0
OI00002474,ORD0001264,P170,H&M Green Cotton Shirt,Clothing,Shirts,H&M,1,761.0,761.0
OI00002475,ORD0001265,P056,Lakme Shampoo,Beauty,Haircare,Lakme,1,952.0,952.0
OI00002476,ORD0001265,P012,Nivea Foundation,Beauty,Makeup,Nivea,1,2237.0,2237.0
OI00002477,ORD0001265,P017,Lakme Face Wash,Beauty,Skincare,Lakme,2,1574.0,3148.0
OI00002478,ORD0001266,P009,Nivea Lipstick,Beauty,Makeup,Nivea,1,2838.0,2838.0
OI00002479,ORD0001266,P007,Lakme Hair Oil,Beauty,Haircare,Lakme,1,1471.0,1471.0
OI00002480,ORD0001266,P012,Nivea Foundation,Beauty,Makeup,Nivea,1,2237.0,2237.0
OI00002481,ORD0001267,P027,Zara Black Cotton Shirt,Clothing,Shirts,Zara,1,836.0,836.0
OI00002482,ORD0001267,P193,H&M Red Cotton Jeans,Clothing,Jeans,H&M,2,1646.0,3292.0
OI00002483,ORD0001267,P051,Zara Red Polyester T-Shirt,Clothing,T-Shirts,Zara,1,349.0,349.0
OI00002484,ORD0001268,P026,UrbanCo Wall Art,Home,Decor,UrbanCo,1,1607.0,1607.0
OI00002485,ORD0001269,P113,HP Pavilion 32GB RAM 1TB SSD,Electronics,Laptop,HP,1,58935.0,58935.0
OI00002486,ORD0001270,P177,Puma Sneakers Size 9,Sports,Shoes,Puma,1,5810.0,5810.0
OI00002487,ORD0001270,P054,Adidas Yoga Mat,Sports,Equipment,Adidas,1,5689.0,5689.0
OI00002488,ORD0001271,P170,H&M Green Cotton Shirt,Clothing,Shirts,H&M,1,761.0,761.0
OI00002489,ORD0001272,P117,Nike Running Shoes Size 10,Sports,Shoes,Nike,1,5153.0,5153.0
OI00002490,ORD0001273,P101,H&M Blue Cotton T-Shirt,Clothing,T-Shirts,H&M,1,1453.0,1453.0
OI00002491,ORD0001273,P194,Zara Blue Polyester Jeans,Clothing,Jeans,Zara,2,2697.0,5394.0
OI00002492,ORD0001274,P197,Puma Sneakers Size 8,Sports,Shoes,Puma,1,6353.0,6353.0
OI00002493,ORD0001274,P014,Nike Track Pants,Sports,Activewear,Nike,1,1075.0,1075.0
OI00002494,ORD0001274,P188,Adidas Sneakers Size 8,Sports,Shoes,Adidas,1,7253.0,7253.0
OI00002495,ORD0001275,P137,H&M Red Denim T-Shirt,Clothing,T-Shirts,H&M,1,1174.0,1174.0
OI00002496,ORD0001275,P073,Zara Black Denim Shirt,Clothing,Shirts,Zara,1,663.0,663.0
OI00002497,ORD0001276,P034,Lakme Lipstick,Beauty,Makeup,Lakme,1,325.0,325.0
OI00002498,ORD0001276,P025,Lakme Foundation,Beauty,Makeup,Lakme,1,462.0,462.0
OI00002499,ORD0001276,P036,Nivea Hair Oil,Beauty,Haircare,Nivea,1,877.0,877.0
OI00002500,ORD0001277,P045,Puma Running Shoes Size 10,Sports,Shoes,Puma,1,6410.0,6410.0
OI00002501,ORD0001278,P025,Lakme Foundation,Beauty,Makeup,Lakme,1,462.0,462.0
OI00002502,ORD0001278,P056,Lakme Shampoo,Beauty,Haircare,Lakme,1,952.0,952.0
OI00002503,ORD0001278,P017,Lakme Face Wash,Beauty,Skincare,Lakme,1,1574.0,1574.0
OI00002504,ORD0001279,P142,UrbanCo Plastic Sofa Medium,Home,Furniture,UrbanCo,1,10982.0,10982.0
OI00002505,ORD0001280,P169,Nike Sneakers Size 10,Sports,Shoes,Nike,1,1381.0,1381.0
OI00002506,ORD0001281,P058,Puma Running Shoes Size 8,Sports,Shoes,Puma,1,7047.0,7047.0
OI00002507,ORD0001282,P003,Nivea Shampoo,Beauty,Haircare,Nivea,1,201.0,201.0
OI00002508,ORD0001282,P012,Nivea Foundation,Beauty,Makeup,Nivea,1,2237.0,2237.0
OI00002509,ORD0001282,P048,Nivea Moisturizer,Beauty,Skincare,Nivea,1,1859.0,1859.0
OI00002510,ORD0001283,P003,Nivea Shampoo,Beauty,Haircare,Nivea,1,201.0,201.0
OI00002511,ORD0001284,P017,Lakme Face Wash,Beauty,Skincare,Lakme,1,1574.0,1574.0
OI00002512,ORD0001284,P048,Nivea Moisturizer,Beauty,Skincare,Nivea,1,1859.0,1859.0
OI00002513,ORD0001285,P015,Nike Dumbbells,Sports,Equipment,Nike,1,4660.0,4660.0
OI00002514,ORD0001286,P005,Nivea Face Wash,Beauty,Skincare,Nivea,1,1130.0,1130.0
OI00002515,ORD0001286,P034,Lakme Lipstick,Beauty,Makeup,Lakme,2,325.0,650.0
OI00002516,ORD0001287,P166,H&M Black Cotton Jacket,Clothing,Jackets,H&M,1,4254.0,4254.0
OI00002517,ORD0001288,P197,Puma Sneakers Size 8,Sports,Shoes,Puma,1,6353.0,6353.0
OI00002518,ORD0001288,P148,Adidas Sneakers Size 7,Sports,Shoes,Adidas,1,3461.0,3461.0
OI00002519,ORD0001289,P181,HP PS 16GB RAM 1TB SSD,Electronics,Laptop,HP,1,42181.0,42181.0
OI00002520,ORD0001289,P168,Dell Aspire Air 16GB RAM 1TB SSD,Electronics,Laptop,Dell,1,91247.0,91247.0
OI00002521,ORD0001290,P029,Adidas Running Shoes Size 8,Sports,Shoes,Adidas,1,2068.0,2068.0
OI00002522,ORD0001291,P177,Puma Sneakers Size 9,Sports,Shoes,Puma,1,5810.0,5810.0
OI00002523,ORD0001292,P007,Lakme Hair Oil,Beauty,Haircare,Lakme,1,1471.0,1471.0
OI00002524,ORD0001292,P005,Nivea Face Wash,Beauty,Skincare,Nivea,1,1130.0,1130.0
OI00002525,ORD0001293,P059,H&M Black Denim T-Shirt,Clothing,T-Shirts,H&M,1,1070.0,1070.0
OI00002526,ORD0001293,P106,H&M Green Polyester T-Shirt,Clothing,T-Shirts,H&M,1,806.0,806.0
OI00002527,ORD0001294,P090,Zara Red Polyester Shirt,Clothing,Shirts,Zara,1,801.0,801.0
OI00002528,ORD0001295,P169,Nike Sneakers Size 10,Sports,Shoes,Nike,1,1381.0,1381.0
OI00002529,ORD0001295,P152,Adidas Sneakers Size 9,Sports,Shoes,Adidas,1,7939.0,7939.0
OI00002530,ORD0001296,P125,Zara Blue Denim Jeans,Clothing,Jeans,Zara,1,2480.0,2480.0
OI00002531,ORD0001296,P129,H&M Black Denim Jacket,Clothing,Jackets,H&M,1,4451.0,4451.0
OI00002532,ORD0001296,P193,H&M Red Cotton Jeans,Clothing,Jeans,H&M,1,1646.0,1646.0
OI00002533,ORD0001297,P045,Puma Running Shoes Size 10,Sports,Shoes,Puma,1,6410.0,6410.0
OI00002534,ORD0001298,P193,H&M Red Cotton Jeans,Clothing,Jeans,H&M,1,1646.0,1646.0
OI00002535,ORD0001298,P180,Zara White Denim T-Shirt,Clothing,T-Shirts,Zara,1,1446.0,1446.0
OI00002536,ORD0001299,P146,H&M Blue Polyester Shirt,Clothing,Shirts,H&M,1,2713.0,2713.0
OI00002537,ORD0001299,P073,Zara Black Denim Shirt,Clothing,Shirts,Zara,2,663.0,1326.0
OI00002538,ORD0001300,P025,Lakme Foundation,Beauty,Makeup,Lakme,1,462.0,462.0
OI00002539,ORD0001301,P159,Puma Sneakers Size 10,Sports,Shoes,Puma,1,4766.0,4766.0
OI00002540,ORD0001301,P058,Puma Running Shoes Size 8,Sports,Shoes,Puma,1,7047.0,7047.0
OI00002541,ORD0001302,P180,Zara White Denim T-Shirt,Clothing,T-Shirts,Zara,1,1446.0,1446.0
OI00002542,ORD0001302,P118,H&M Black Denim Shirt,Clothing,Shirts,H&M,1,2807.0,2807.0
OI00002543,ORD0001302,P133,H&M Green Polyester Jeans,Clothing,Jeans,H&M,2,1292.0,2584.0
OI00002544,ORD0001303,P143,OnePlus G1 256GB Red,Electronics,Smartphone,OnePlus,1,15113.0,15113.0
OI00002545,ORD0001304,P005,Nivea Face Wash,Beauty,Skincare,Nivea,1,1130.0,1130.0
OI00002546,ORD0001304,P012,Nivea Foundation,Beauty,Makeup,Nivea,1,2237.0,2237.0
OI00002547,ORD0001305,P097,Zara Blue Polyester Jacket,Clothing,Jackets,Zara,1,5366.0,5366.0
OI00002548,ORD0001305,P021,H&M Red Polyester T-Shirt,Clothing,T-Shirts,H&M,1,370.0,370.0
OI00002549,ORD0001305,P088,Zara Red Denim Jeans,Clothing,Jeans,Zara,1,3394.0,3394.0
OI00002550,ORD0001306,P079,Boat Charger,Electronics,Accessories,Boat,1,379.0,379.0
OI00002551,ORD0001306,P168,Dell Aspire Air 16GB RAM 1TB SSD,Electronics,Laptop,Dell,1,91247.0,91247.0
OI00002552,ORD0001306,P032,Samsung Galaxy S21 256GB Red,Electronics,Smartphone,Samsung,1,74099.0,74099.0
OI00002553,ORD0001307,P015,Nike Dumbbells,Sports,Equipment,Nike,1,4660.0,4660.0
OI00002554,ORD0001308,P006,UrbanCo Lamp,Home,Decor,UrbanCo,1,2790.0,2790.0
OI00002555,ORD0001308,P033,UrbanCo Plastic Dining Table Small,Home,Furniture,UrbanCo,1,7598.0,7598.0
OI00002556,ORD0001309,P139,UrbanCo Wooden Chair Large,Home,Furniture,UrbanCo,1,8748.0,8748.0
OI00002557,ORD0001310,P101,H&M Blue Cotton T-Shirt,Clothing,T-Shirts,H&M,1,1453.0,1453.0
OI00002558,ORD0001310,P021,H&M Red Polyester T-Shirt,Clothing,T-Shirts,H&M,1,370.0,370.0
OI00002559,ORD0001311,P009,Nivea Lipstick,Beauty,Makeup,Nivea,1,2838.0,2838.0
OI00002560,ORD0001311,P017,Lakme Face Wash,Beauty,Skincare,Lakme,2,1574.0,3148.0
OI00002561,ORD0001312,P043,JBL Bluetooth Headphones,Electronics,Headphones,JBL,1,1296.0,1296.0
OI00002562,ORD0001312,P102,Samsung Galaxy S21 256GB Blue,Electronics,Smartphone,Samsung,1,78241.0,78241.0
OI00002563,ORD0001313,P060,Boat Bluetooth Headphones,Electronics,Headphones,Boat,1,4117.0,4117.0
OI00002564,ORD0001313,P028,Apple 11 256GB Red,Electronics,Smartphone,Apple,1,66459.0,66459.0
OI00002565,ORD0001314,P185,Samsung Galaxy S21 64GB Blue,Electronics,Smartphone,Samsung,1,34209.0,34209.0
OI00002566,ORD0001314,P072,OnePlus Nord CE3 256GB Blue,Electronics,Smartphone,OnePlus,1,44563.0,44563.0
OI00002567,ORD0001315,P048,Nivea Moisturizer,Beauty,Skincare,Nivea,1,1859.0,1859.0
OI00002568,ORD0001315,P007,Lakme Hair Oil,Beauty,Haircare,Lakme,1,1471.0,1471.0
OI00002569,ORD0001316,P139,UrbanCo Wooden Chair Large,Home,Furniture,UrbanCo,1,8748.0,8748.0
OI00002570,ORD0001316,P063,UrbanCo Metal Chair Large,Home,Furniture,UrbanCo,1,4232.0,4232.0
OI00002571,ORD0001317,P054,Adidas Yoga Mat,Sports,Equipment,Adidas,1,5689.0,5689.0
OI00002572,ORD0001318,P020,Puma Yoga Mat,Sports,Equipment,Puma,1,12458.0,12458.0
OI00002573,ORD0001319,P012,Nivea Foundation,Beauty,Makeup,Nivea,1,2237.0,2237.0
OI00002574,ORD0001319,P036,Nivea Hair Oil,Beauty,Haircare,Nivea,1,877.0,877.0
OI00002575,ORD0001319,P017,Lakme Face Wash,Beauty,Skincare,Lakme,1,1574.0,1574.0
OI00002576,ORD0001320,P003,Nivea Shampoo,Beauty,Haircare,Nivea,1,201.0,201.0
OI00002577,ORD0001320,P119,Lakme Moisturizer,Beauty,Skincare,Lakme,1,1751.0,1751.0
OI00002578,ORD0001320,P034,Lakme Lipstick,Beauty,Makeup,Lakme,1,325.0,325.0
OI00002579,ORD0001321,P067,Boat Wireless Earbuds,Electronics,Headphones,Boat,1,2941.0,2941.0
OI00002580,ORD0001321,P079,Boat Charger,Electronics,Accessories,Boat,2,379.0,758.0
OI00002581,ORD0001322,P036,Nivea Hair Oil,Beauty,Haircare,Nivea,1,877.0,877.0
OI00002582,ORD0001322,P007,Lakme Hair Oil,Beauty,Haircare,Lakme,1,1471.0,1471.0
OI00002583,ORD0001322,P005,Nivea Face Wash,Beauty,Skincare,Nivea,1,1130.0,1130.0
OI00002584,ORD0001323,P090,Zara Red Polyester Shirt,Clothing,Shirts,Zara,1,801.0,801.0
OI00002585,ORD0001323,P137,H&M Red Denim T-Shirt,Clothing,T-Shirts,H&M,1,1174.0,1174.0
OI00002586,ORD0001323,P057,H&M Blue Denim Jeans,Clothing,Jeans,H&M,1,1555.0,1555.0
OI00002587,ORD0001324,P019,H&M Green Denim T-Shirt,Clothing,T-Shirts,H&M,1,934.0,934.0
OI00002588,ORD0001324,P050,H&M Green Cotton Jeans,Clothing,Jeans,H&M,1,2713.0,2713.0
OI00002589,ORD0001325,P183,Nike Sneakers Size 9,Sports,Shoes,Nike,1,1083.0,1083.0
OI00002590,ORD0001326,P133,H&M Green Polyester Jeans,Clothing,Jeans,H&M,1,1292.0,1292.0
OI00002591,ORD0001326,P051,Zara Red Polyester T-Shirt,Clothing,T-Shirts,Zara,2,349.0,698.0
OI00002592,ORD0001326,P027,Zara Black Cotton Shirt,Clothing,Shirts,Zara,1,836.0,836.0
OI00002593,ORD0001327,P048,Nivea Moisturizer,Beauty,Skincare,Nivea,1,1859.0,1859.0
OI00002594,ORD0001328,P016,UrbanCo Cookware Set,Home,Kitchen,UrbanCo,1,8363.0,8363.0
OI00002595,ORD0001328,P142,UrbanCo Plastic Sofa Medium,Home,Furniture,UrbanCo,1,10982.0,10982.0
OI00002596,ORD0001329,P012,Nivea Foundation,Beauty,Makeup,Nivea,1,2237.0,2237.0
OI00002597,ORD0001329,P005,Nivea Face Wash,Beauty,Skincare,Nivea,1,1130.0,1130.0
OI00002598,ORD0001329,P017,Lakme Face Wash,Beauty,Skincare,Lakme,1,1574.0,1574.0
OI00002599,ORD0001330,P025,Lakme Foundation,Beauty,Makeup,Lakme,1,462.0,462.0
OI00002600,ORD0001330,P005,Nivea Face Wash,Beauty,Skincare,Nivea,1,1130.0,1130.0
OI00002601,ORD0001331,P155,Adidas Sports T-Shirt,Sports,Activewear,Adidas,1,1397.0,1397.0
OI00002602,ORD0001331,P029,Adidas Running Shoes Size 8,Sports,Shoes,Adidas,1,2068.0,2068.0
OI00002603,ORD0001331,P058,Puma Running Shoes Size 8,Sports,Shoes,Puma,1,7047.0,7047.0
OI00002604,ORD0001332,P126,UrbanCo Wooden Sofa Medium,Home,Furniture,UrbanCo,1,5133.0,5133.0
OI00002605,ORD0001333,P025,Lakme Foundation,Beauty,Makeup,Lakme,1,462.0,462.0
OI00002606,ORD0001334,P029,Adidas Running Shoes Size 8,Sports,Shoes,Adidas,1,2068.0,2068.0
OI00002607,ORD0001334,P045,Puma Running Shoes Size 10,Sports,Shoes,Puma,1,6410.0,6410.0
OI00002608,ORD0001335,P078,Zara Red Polyester Jeans,Clothing,Jeans,Zara,1,2265.0,2265.0
OI00002609,ORD0001335,P175,Zara White Denim Jeans,Clothing,Jeans,Zara,1,2117.0,2117.0
OI00002610,ORD0001335,P064,Zara White Denim Shirt,Clothing,Shirts,Zara,1,2244.0,2244.0
OI00002611,ORD0001336,P110,H&M White Polyester Shirt,Clothing,Shirts,H&M,1,1438.0,1438.0
OI00002612,ORD0001336,P136,Zara Red Cotton Shirt,Clothing,Shirts,Zara,1,1369.0,1369.0
OI00002613,ORD0001336,P095,H&M Black Denim Jeans,Clothing,Jeans,H&M,1,3649.0,3649.0
OI00002614,ORD0001337,P025,Lakme Foundation,Beauty,Makeup,Lakme,1,462.0,462.0
OI00002615,ORD0001337,P017,Lakme Face Wash,Beauty,Skincare,Lakme,1,1574.0,1574.0
OI00002616,ORD0001338,P025,Lakme Foundation,Beauty,Makeup,Lakme,1,462.0,462.0
OI00002617,ORD0001339,P144,UrbanCo Plastic Chair Small,Home,Furniture,UrbanCo,1,6908.0,6908.0
OI00002618,ORD0001339,P092,UrbanCo Wooden Chair Small,Home,Furniture,UrbanCo,1,17541.0,17541.0
OI00002619,ORD0001340,P150,Adidas Track Pants,Sports,Activewear,Adidas,1,2331.0,2331.0
OI00002620,ORD0001341,P056,Lakme Shampoo,Beauty,Haircare,Lakme,1,952.0,952.0
OI00002621,ORD0001342,P190,Zara Green Cotton Jacket,Clothing,Jackets,Zara,1,2207.0,2207.0
OI00002622,ORD0001342,P137,H&M Red Denim T-Shirt,Clothing,T-Shirts,H&M,1,1174.0,1174.0
OI00002623,ORD0001342,P095,H&M Black Denim Jeans,Clothing,Jeans,H&M,1,3649.0,3649.0
OI00002624,ORD0001343,P021,H&M Red Polyester T-Shirt,Clothing,T-Shirts,H&M,1,370.0,370.0
OI00002625,ORD0001343,P162,Zara Black Denim Jeans,Clothing,Jeans,Zara,1,3231.0,3231.0
OI00002626,ORD0001344,P006,UrbanCo Lamp,Home,Decor,UrbanCo,1,2790.0,2790.0
OI00002627,ORD0001344,P033,UrbanCo Plastic Dining Table Small,Home,Furniture,UrbanCo,1,7598.0,7598.0
OI00002628,ORD0001344,P099,UrbanCo Wooden Dining Table Medium,Home,Furniture,UrbanCo,1,15212.0,15212.0
OI00002629,ORD0001345,P111,Zara Blue Cotton Jacket,Clothing,Jackets,Zara,1,4201.0,4201.0
OI00002630,ORD0001345,P051,Zara Red Polyester T-Shirt,Clothing,T-Shirts,Zara,2,349.0,698.0
OI00002631,ORD0001346,P174,Zara Green Polyester T-Shirt,Clothing,T-Shirts,Zara,1,724.0,724.0
OI00002632,ORD0001347,P012,Nivea Foundation,Beauty,Makeup,Nivea,1,2237.0,2237.0
OI00002633,ORD0001347,P034,Lakme Lipstick,Beauty,Makeup,Lakme,1,325.0,325.0
OI00002634,ORD0001348,P003,Nivea Shampoo,Beauty,Haircare,Nivea,1,201.0,201.0
OI00002635,ORD0001349,P003,Nivea Shampoo,Beauty,Haircare,Nivea,1,201.0,201.0
OI00002636,ORD0001350,P012,Nivea Foundation,Beauty,Makeup,Nivea,1,2237.0,2237.0
OI00002637,ORD0001351,P029,Adidas Running Shoes Size 8,Sports,Shoes,Adidas,1,2068.0,2068.0
OI00002638,ORD0001351,P038,Adidas Running Shoes Size 9,Sports,Shoes,Adidas,2,1414.0,2828.0
OI00002639,ORD0001352,P148,Adidas Sneakers Size 7,Sports,Shoes,Adidas,1,3461.0,3461.0
OI00002640,ORD0001353,P003,Nivea Shampoo,Beauty,Haircare,Nivea,1,201.0,201.0
OI00002641,ORD0001353,P036,Nivea Hair Oil,Beauty,Haircare,Nivea,2,877.0,1754.0
OI00002642,ORD0001354,P034,Lakme Lipstick,Beauty,Makeup,Lakme,1,325.0,325.0
OI00002643,ORD0001355,P003,Nivea Shampoo,Beauty,Haircare,Nivea,1,201.0,201.0
OI00002644,ORD0001356,P055,Sony Wireless Earbuds,Electronics,Headphones,Sony,1,3070.0,3070.0
OI00002645,ORD0001356,P176,Apple Mac Air 16GB RAM 256GB SSD,Electronics,Laptop,Apple,1,71910.0,71910.0
OI00002646,ORD0001357,P108,H&M White Denim T-Shirt,Clothing,T-Shirts,H&M,1,1041.0,1041.0
OI00002647,ORD0001357,P140,Zara Red Denim T-Shirt,Clothing,T-Shirts,Zara,1,914.0,914.0
OI00002648,ORD0001358,P026,UrbanCo Wall Art,Home,Decor,UrbanCo,1,1607.0,1607.0
OI00002649,ORD0001358,P092,UrbanCo Wooden Chair Small,Home,Furniture,UrbanCo,1,17541.0,17541.0
OI00002650,ORD0001359,P003,Nivea Shampoo,Beauty,Haircare,Nivea,1,201.0,201.0
OI00002651,ORD0001359,P119,Lakme Moisturizer,Beauty,Skincare,Lakme,1,1751.0,1751.0
OI00002652,ORD0001359,P056,Lakme Shampoo,Beauty,Haircare,Lakme,1,952.0,952.0
OI00002653,ORD0001360,P159,Puma Sneakers Size 10,Sports,Shoes,Puma,1,4766.0,4766.0
OI00002654,ORD0001360,P081,Adidas Dumbbells,Sports,Equipment,Adidas,1,5112.0,5112.0
OI00002655,ORD0001360,P183,Nike Sneakers Size 9,Sports,Shoes,Nike,1,1083.0,1083.0
OI00002656,ORD0001361,P048,Nivea Moisturizer,Beauty,Skincare,Nivea,1,1859.0,1859.0
OI00002657,ORD0001361,P056,Lakme Shampoo,Beauty,Haircare,Lakme,1,952.0,952.0
OI00002658,ORD0001361,P009,Nivea Lipstick,Beauty,Makeup,Nivea,1,2838.0,2838.0
OI00002659,ORD0001362,P129,H&M Black Denim Jacket,Clothing,Jackets,H&M,1,4451.0,4451.0
OI00002660,ORD0001363,P027,Zara Black Cotton Shirt,Clothing,Shirts,Zara,1,836.0,836.0
OI00002661,ORD0001363,P088,Zara Red Denim Jeans,Clothing,Jeans,Zara,1,3394.0,3394.0
OI00002662,ORD0001364,P009,Nivea Lipstick,Beauty,Makeup,Nivea,1,2838.0,2838.0
OI00002663,ORD0001364,P036,Nivea Hair Oil,Beauty,Haircare,Nivea,1,877.0,877.0
OI00002664,ORD0001364,P119,Lakme Moisturizer,Beauty,Skincare,Lakme,1,1751.0,1751.0
OI00002665,ORD0001365,P081,Adidas Dumbbells,Sports,Equipment,Adidas,1,5112.0,5112.0
OI00002666,ORD0001365,P117,Nike Running Shoes Size 10,Sports,Shoes,Nike,1,5153.0,5153.0
OI00002667,ORD0001366,P166,H&M Black Cotton Jacket,Clothing,Jackets,H&M,1,4254.0,4254.0
OI00002668,ORD0001366,P050,H&M Green Cotton Jeans,Clothing,Jeans,H&M,1,2713.0,2713.0
OI00002669,ORD0001367,P036,Nivea Hair Oil,Beauty,Haircare,Nivea,1,877.0,877.0
OI00002670,ORD0001367,P017,Lakme Face Wash,Beauty,Skincare,Lakme,1,1574.0,1574.0
OI00002671,ORD0001368,P080,Boat Phone Case,Electronics,Accessories,Boat,1,1006.0,1006.0
OI00002672,ORD0001369,P159,Puma Sneakers Size 10,Sports,Shoes,Puma,1,4766.0,4766.0
OI00002673,ORD0001370,P117,Nike Running Shoes Size 10,Sports,Shoes,Nike,1,5153.0,5153.0
OI00002674,ORD0001371,P017,Lakme Face Wash,Beauty,Skincare,Lakme,1,1574.0,1574.0
OI00002675,ORD0001371,P007,Lakme Hair Oil,Beauty,Haircare,Lakme,2,1471.0,2942.0
OI00002676,ORD0001372,P101,H&M Blue Cotton T-Shirt,Clothing,T-Shirts,H&M,1,1453.0,1453.0
OI00002677,ORD0001372,P021,H&M Red Polyester T-Shirt,Clothing,T-Shirts,H&M,1,370.0,370.0
OI00002678,ORD0001372,P192,Zara Black Cotton Jacket,Clothing,Jackets,Zara,1,2258.0,2258.0
OI00002679,ORD0001373,P149,Zara Blue Denim Jacket,Clothing,Jackets,Zara,1,7491.0,7491.0
OI00002680,ORD0001373,P140,Zara Red Denim T-Shirt,Clothing,T-Shirts,Zara,2,914.0,1828.0
OI00002681,ORD0001374,P179,Zara Black Polyester Shirt,Clothing,Shirts,Zara,1,2943.0,2943.0
OI00002682,ORD0001375,P114,JBL Wireless Earbuds,Electronics,Headphones,JBL,1,2898.0,2898.0
OI00002683,ORD0001375,P001,Samsung Charger,Electronics,Accessories,Samsung,1,1356.0,1356.0
OI00002684,ORD0001376,P025,Lakme Foundation,Beauty,Makeup,Lakme,1,462.0,462.0
OI00002685,ORD0001376,P036,Nivea Hair Oil,Beauty,Haircare,Nivea,1,877.0,877.0
OI00002686,ORD0001377,P169,Nike Sneakers Size 10,Sports,Shoes,Nike,1,1381.0,1381.0
OI00002687,ORD0001377,P081,Adidas Dumbbells,Sports,Equipment,Adidas,1,5112.0,5112.0
OI00002688,ORD0001377,P155,Adidas Sports T-Shirt,Sports,Activewear,Adidas,2,1397.0,2794.0
OI00002689,ORD0001378,P053,Puma Dumbbells,Sports,Equipment,Puma,1,14598.0,14598.0
OI00002690,ORD0001378,P038,Adidas Running Shoes Size 9,Sports,Shoes,Adidas,2,1414.0,2828.0
OI00002691,ORD0001379,P029,Adidas Running Shoes Size 8,Sports,Shoes,Adidas,1,2068.0,2068.0
OI00002692,ORD0001379,P058,Puma Running Shoes Size 8,Sports,Shoes,Puma,1,7047.0,7047.0
OI00002693,ORD0001379,P031,Puma Sneakers Size 7,Sports,Shoes,Puma,1,7055.0,7055.0
OI00002694,ORD0001380,P007,Lakme Hair Oil,Beauty,Haircare,Lakme,1,1471.0,1471.0
OI00002695,ORD0001380,P056,Lakme Shampoo,Beauty,Haircare,Lakme,1,952.0,952.0
OI00002696,ORD0001380,P005,Nivea Face Wash,Beauty,Skincare,Nivea,2,1130.0,2260.0
OI00002697,ORD0001381,P198,Zara Black Polyester Jeans,Clothing,Jeans,Zara,1,2065.0,2065.0
OI00002698,ORD0001382,P081,Adidas Dumbbells,Sports,Equipment,Adidas,1,5112.0,5112.0
OI00002699,ORD0001383,P115,Nike Sports T-Shirt,Sports,Activewear,Nike,1,2606.0,2606.0
OI00002700,ORD0001384,P168,Dell Aspire Air 16GB RAM 1TB SSD,Electronics,Laptop,Dell,1,91247.0,91247.0
OI00002701,ORD0001385,P025,Lakme Foundation,Beauty,Makeup,Lakme,1,462.0,462.0
OI00002702,ORD0001385,P012,Nivea Foundation,Beauty,Makeup,Nivea,1,2237.0,2237.0
OI00002703,ORD0001386,P126,UrbanCo Wooden Sofa Medium,Home,Furniture,UrbanCo,1,5133.0,5133.0
OI00002704,ORD0001387,P036,Nivea Hair Oil,Beauty,Haircare,Nivea,1,877.0,877.0
OI00002705,ORD0001387,P012,Nivea Foundation,Beauty,Makeup,Nivea,1,2237.0,2237.0
OI00002706,ORD0001388,P006,UrbanCo Lamp,Home,Decor,UrbanCo,1,2790.0,2790.0
OI00002707,ORD0001388,P139,UrbanCo Wooden Chair Large,Home,Furniture,UrbanCo,1,8748.0,8748.0
OI00002708,ORD0001388,P153,UrbanCo Wooden Sofa Large,Home,Furniture,UrbanCo,1,11898.0,11898.0
OI00002709,ORD0001389,P136,Zara Red Cotton Shirt,Clothing,Shirts,Zara,1,1369.0,1369.0
OI00002710,ORD0001389,P022,H&M Red Cotton Shirt,Clothing,Shirts,H&M,1,2473.0,2473.0
OI00002711,ORD0001389,P118,H&M Black Denim Shirt,Clothing,Shirts,H&M,2,2807.0,5614.0
OI00002712,ORD0001390,P025,Lakme Foundation,Beauty,Makeup,Lakme,1,462.0,462.0
OI00002713,ORD0001390,P017,Lakme Face Wash,Beauty,Skincare,Lakme,1,1574.0,1574.0
OI00002714,ORD0001390,P048,Nivea Moisturizer,Beauty,Skincare,Nivea,1,1859.0,1859.0
OI00002715,ORD0001391,P068,Puma Sports T-Shirt,Sports,Activewear,Puma,1,648.0,648.0
OI00002716,ORD0001391,P054,Adidas Yoga Mat,Sports,Equipment,Adidas,1,5689.0,5689.0
OI00002717,ORD0001391,P053,Puma Dumbbells,Sports,Equipment,Puma,1,14598.0,14598.0
OI00002718,ORD0001392,P004,UrbanCo Mixer,Home,Kitchen,UrbanCo,1,3983.0,3983.0
OI00002719,ORD0001392,P178,UrbanCo Metal Sofa Small,Home,Furniture,UrbanCo,1,20907.0,20907.0
OI00002720,ORD0001393,P003,Nivea Shampoo,Beauty,Haircare,Nivea,1,201.0,201.0
OI00002721,ORD0001393,P009,Nivea Lipstick,Beauty,Makeup,Nivea,1,2838.0,2838.0
OI00002722,ORD0001393,P119,Lakme Moisturizer,Beauty,Skincare,Lakme,2,1751.0,3502.0
OI00002723,ORD0001394,P114,JBL Wireless Earbuds,Electronics,Headphones,JBL,1,2898.0,2898.0
OI00002724,ORD0001394,P010,Samsung Phone Case,Electronics,Accessories,Samsung,2,1711.0,3422.0
OI00002725,ORD0001394,P186,OnePlus 15 128GB Black,Electronics,Smartphone,OnePlus,1,50973.0,50973.0
OI00002726,ORD0001395,P019,H&M Green Denim T-Shirt,Clothing,T-Shirts,H&M,1,934.0,934.0
OI00002727,ORD0001395,P200,H&M Blue Denim Shirt,Clothing,Shirts,H&M,2,519.0,1038.0
OI00002728,ORD0001395,P035,Zara Red Denim Shirt,Clothing,Shirts,Zara,2,2759.0,5518.0
OI00002729,ORD0001396,P056,Lakme Shampoo,Beauty,Haircare,Lakme,1,952.0,952.0
OI00002730,ORD0001396,P003,Nivea Shampoo,Beauty,Haircare,Nivea,1,201.0,201.0
OI00002731,ORD0001397,P012,Nivea Foundation,Beauty,Makeup,Nivea,1,2237.0,2237.0
OI00002732,ORD0001397,P009,Nivea Lipstick,Beauty,Makeup,Nivea,2,2838.0,5676.0
OI00002733,ORD0001397,P003,Nivea Shampoo,Beauty,Haircare,Nivea,2,201.0,402.0
OI00002734,ORD0001398,P002,Nike Yoga Mat,Sports,Equipment,Nike,1,4345.0,4345.0
OI00002735,ORD0001398,P183,Nike Sneakers Size 9,Sports,Shoes,Nike,1,1083.0,1083.0
OI00002736,ORD0001398,P081,Adidas Dumbbells,Sports,Equipment,Adidas,1,5112.0,5112.0
OI00002737,ORD0001399,P100,Zara Green Cotton Shirt,Clothing,Shirts,Zara,1,2505.0,2505.0
OI00002738,ORD0001399,P162,Zara Black Denim Jeans,Clothing,Jeans,Zara,1,3231.0,3231.0
OI00002739,ORD0001400,P144,UrbanCo Plastic Chair Small,Home,Furniture,UrbanCo,1,6908.0,6908.0
OI00002740,ORD0001401,P009,Nivea Lipstick,Beauty,Makeup,Nivea,1,2838.0,2838.0
OI00002741,ORD0001402,P026,UrbanCo Wall Art,Home,Decor,UrbanCo,1,1607.0,1607.0
OI00002742,ORD0001402,P123,UrbanCo Wooden Dining Table Small,Home,Furniture,UrbanCo,1,26420.0,26420.0
OI00002743,ORD0001402,P099,UrbanCo Wooden Dining Table Medium,Home,Furniture,UrbanCo,1,15212.0,15212.0
OI00002744,ORD0001403,P034,Lakme Lipstick,Beauty,Makeup,Lakme,1,325.0,325.0
OI00002745,ORD0001403,P007,Lakme Hair Oil,Beauty,Haircare,Lakme,1,1471.0,1471.0
OI00002746,ORD0001404,P003,Nivea Shampoo,Beauty,Haircare,Nivea,1,201.0,201.0
OI00002747,ORD0001404,P009,Nivea Lipstick,Beauty,Makeup,Nivea,1,2838.0,2838.0
OI00002748,ORD0001405,P055,Sony Wireless Earbuds,Electronics,Headphones,Sony,1,3070.0,3070.0
OI00002749,ORD0001405,P089,Apple Macbook Air 16GB RAM 256GB SSD,Electronics,Laptop,Apple,1,88750.0,88750.0
OI00002750,ORD0001406,P038,Adidas Running Shoes Size 9,Sports,Shoes,Adidas,1,1414.0,1414.0
OI00002751,ORD0001406,P197,Puma Sneakers Size 8,Sports,Shoes,Puma,1,6353.0,6353.0
OI00002752,ORD0001406,P058,Puma Running Shoes Size 8,Sports,Shoes,Puma,1,7047.0,7047.0
OI00002753,ORD0001407,P112,HP Pavilion 32GB RAM 256GB SSD,Electronics,Laptop,HP,1,45580.0,45580.0
OI00002754,ORD0001407,P131,Samsung Galaxy S21 64GB Red,Electronics,Smartphone,Samsung,1,21334.0,21334.0
OI00002755,ORD0001408,P023,Zara White Cotton T-Shirt,Clothing,T-Shirts,Zara,1,474.0,474.0
OI00002756,ORD0001409,P115,Nike Sports T-Shirt,Sports,Activewear,Nike,1,2606.0,2606.0
OI00002757,ORD0001409,P188,Adidas Sneakers Size 8,Sports,Shoes,Adidas,1,7253.0,7253.0
OI00002758,ORD0001410,P178,UrbanCo Metal Sofa Small,Home,Furniture,UrbanCo,1,20907.0,20907.0
OI00002759,ORD0001410,P085,UrbanCo Plastic Dining Table Large,Home,Furniture,UrbanCo,1,12303.0,12303.0
OI00002760,ORD0001410,P033,UrbanCo Plastic Dining Table Small,Home,Furniture,UrbanCo,1,7598.0,7598.0
OI00002761,ORD0001411,P029,Adidas Running Shoes Size 8,Sports,Shoes,Adidas,1,2068.0,2068.0
OI00002762,ORD0001411,P014,Nike Track Pants,Sports,Activewear,Nike,2,1075.0,2150.0
OI00002763,ORD0001412,P169,Nike Sneakers Size 10,Sports,Shoes,Nike,1,1381.0,1381.0
OI00002764,ORD0001412,P053,Puma Dumbbells,Sports,Equipment,Puma,1,14598.0,14598.0
OI00002765,ORD0001413,P069,Apple iPhone 13 128GB Black,Electronics,Smartphone,Apple,1,65851.0,65851.0
OI00002766,ORD0001414,P148,Adidas Sneakers Size 7,Sports,Shoes,Adidas,1,3461.0,3461.0
OI00002767,ORD0001414,P015,Nike Dumbbells,Sports,Equipment,Nike,1,4660.0,4660.0
OI00002768,ORD0001414,P014,Nike Track Pants,Sports,Activewear,Nike,1,1075.0,1075.0
OI00002769,ORD0001415,P067,Boat Wireless Earbuds,Electronics,Headphones,Boat,1,2941.0,2941.0
OI00002770,ORD0001415,P049,Dell XPS 16GB RAM 512GB SSD,Electronics,Laptop,Dell,1,36316.0,36316.0
OI00002771,ORD0001416,P034,Lakme Lipstick,Beauty,Makeup,Lakme,1,325.0,325.0
OI00002772,ORD0001416,P005,Nivea Face Wash,Beauty,Skincare,Nivea,2,1130.0,2260.0
OI00002773,ORD0001417,P169,Nike Sneakers Size 10,Sports,Shoes,Nike,1,1381.0,1381.0
OI00002774,ORD0001418,P048,Nivea Moisturizer,Beauty,Skincare,Nivea,1,1859.0,1859.0
OI00002775,ORD0001418,P003,Nivea Shampoo,Beauty,Haircare,Nivea,2,201.0,402.0
OI00002776,ORD0001419,P016,UrbanCo Cookware Set,Home,Kitchen,UrbanCo,1,8363.0,8363.0
OI00002777,ORD0001420,P016,UrbanCo Cookware Set,Home,Kitchen,UrbanCo,1,8363.0,8363.0
OI00002778,ORD0001421,P180,Zara White Denim T-Shirt,Clothing,T-Shirts,Zara,1,1446.0,1446.0
OI00002779,ORD0001421,P125,Zara Blue Denim Jeans,Clothing,Jeans,Zara,1,2480.0,2480.0
OI00002780,ORD0001421,P097,Zara Blue Polyester Jacket,Clothing,Jackets,Zara,1,5366.0,5366.0
OI00002781,ORD0001422,P039,Puma Track Pants,Sports,Activewear,Puma,1,1372.0,1372.0
OI00002782,ORD0001422,P045,Puma Running Shoes Size 10,Sports,Shoes,Puma,1,6410.0,6410.0
OI00002783,ORD0001423,P068,Puma Sports T-Shirt,Sports,Activewear,Puma,1,648.0,648.0
OI00002784,ORD0001423,P058,Puma Running Shoes Size 8,Sports,Shoes,Puma,1,7047.0,7047.0
OI00002785,ORD0001424,P155,Adidas Sports T-Shirt,Sports,Activewear,Adidas,1,1397.0,1397.0
OI00002786,ORD0001425,P068,Puma Sports T-Shirt,Sports,Activewear,Puma,1,648.0,648.0
OI00002787,ORD0001425,P066,Puma Running Shoes Size 7,Sports,Shoes,Puma,1,6273.0,6273.0
OI00002788,ORD0001426,P011,UrbanCo Wooden Sofa Small,Home,Furniture,UrbanCo,1,26505.0,26505.0
OI00002789,ORD0001427,P170,H&M Green Cotton Shirt,Clothing,Shirts,H&M,1,761.0,761.0
OI00002790,ORD0001427,P023,Zara White Cotton T-Shirt,Clothing,T-Shirts,Zara,1,474.0,474.0
OI00002791,ORD0001428,P088,Zara Red Denim Jeans,Clothing,Jeans,Zara,1,3394.0,3394.0
OI00002792,ORD0001428,P057,H&M Blue Denim Jeans,Clothing,Jeans,H&M,1,1555.0,1555.0
OI00002793,ORD0001428,P198,Zara Black Polyester Jeans,Clothing,Jeans,Zara,1,2065.0,2065.0
OI00002794,ORD0001429,P103,Zara Red Cotton Jacket,Clothing,Jackets,Zara,1,2086.0,2086.0
OI00002795,ORD0001429,P195,H&M Green Denim Jeans,Clothing,Jeans,H&M,1,1812.0,1812.0
OI00002796,ORD0001429,P073,Zara Black Denim Shirt,Clothing,Shirts,Zara,1,663.0,663.0
OI00002797,ORD0001430,P012,Nivea Foundation,Beauty,Makeup,Nivea,1,2237.0,2237.0
OI00002798,ORD0001430,P025,Lakme Foundation,Beauty,Makeup,Lakme,1,462.0,462.0
OI00002799,ORD0001431,P003,Nivea Shampoo,Beauty,Haircare,Nivea,1,201.0,201.0
OI00002800,ORD0001431,P025,Lakme Foundation,Beauty,Makeup,Lakme,1,462.0,462.0
OI00002801,ORD0001431,P005,Nivea Face Wash,Beauty,Skincare,Nivea,1,1130.0,1130.0
OI00002802,ORD0001432,P133,H&M Green Polyester Jeans,Clothing,Jeans,H&M,1,1292.0,1292.0
OI00002803,ORD0001432,P078,Zara Red Polyester Jeans,Clothing,Jeans,Zara,1,2265.0,2265.0
OI00002804,ORD0001432,P111,Zara Blue Cotton Jacket,Clothing,Jackets,Zara,1,4201.0,4201.0
OI00002805,ORD0001433,P108,H&M White Denim T-Shirt,Clothing,T-Shirts,H&M,1,1041.0,1041.0
OI00002806,ORD0001434,P019,H&M Green Denim T-Shirt,Clothing,T-Shirts,H&M,1,934.0,934.0
OI00002807,ORD0001434,P041,H&M Green Cotton Jacket,Clothing,Jackets,H&M,1,7336.0,7336.0
OI00002808,ORD0001434,P061,H&M Black Polyester Shirt,Clothing,Shirts,H&M,1,1694.0,1694.0
OI00002809,ORD0001435,P034,Lakme Lipstick,Beauty,Makeup,Lakme,1,325.0,325.0
OI00002810,ORD0001435,P119,Lakme Moisturizer,Beauty,Skincare,Lakme,1,1751.0,1751.0
OI00002811,ORD0001436,P074,Nike Running Shoes Size 9,Sports,Shoes,Nike,1,4123.0,4123.0
OI00002812,ORD0001437,P093,Zara Green Polyester Jeans,Clothing,Jeans,Zara,1,1066.0,1066.0
OI00002813,ORD0001437,P019,H&M Green Denim T-Shirt,Clothing,T-Shirts,H&M,1,934.0,934.0
OI00002814,ORD0001437,P182,Zara Blue Cotton Shirt,Clothing,Shirts,Zara,2,1991.0,3982.0
OI00002815,ORD0001438,P079,Boat Charger,Electronics,Accessories,Boat,1,379.0,379.0
OI00002816,ORD0001438,P161,Apple Air 32GB RAM 512GB SSD,Electronics,Laptop,Apple,1,83250.0,83250.0
OI00002817,ORD0001439,P148,Adidas Sneakers Size 7,Sports,Shoes,Adidas,1,3461.0,3461.0
OI00002818,ORD0001440,P029,Adidas Running Shoes Size 8,Sports,Shoes,Adidas,1,2068.0,2068.0
OI00002819,ORD0001440,P148,Adidas Sneakers Size 7,Sports,Shoes,Adidas,1,3461.0,3461.0
OI00002820,ORD0001441,P085,UrbanCo Plastic Dining Table Large,Home,Furniture,UrbanCo,1,12303.0,12303.0
OI00002821,ORD0001442,P017,Lakme Face Wash,Beauty,Skincare,Lakme,1,1574.0,1574.0
OI00002822,ORD0001442,P003,Nivea Shampoo,Beauty,Haircare,Nivea,1,201.0,201.0
OI00002823,ORD0001442,P048,Nivea Moisturizer,Beauty,Skincare,Nivea,1,1859.0,1859.0
OI00002824,ORD0001443,P014,Nike Track Pants,Sports,Activewear,Nike,1,1075.0,1075.0
OI00002825,ORD0001443,P148,Adidas Sneakers Size 7,Sports,Shoes,Adidas,1,3461.0,3461.0
OI00002826,ORD0001444,P039,Puma Track Pants,Sports,Activewear,Puma,1,1372.0,1372.0
OI00002827,ORD0001445,P170,H&M Green Cotton Shirt,Clothing,Shirts,H&M,1,761.0,761.0
OI00002828,ORD0001445,P166,H&M Black Cotton Jacket,Clothing,Jackets,H&M,1,4254.0,4254.0
OI00002829,ORD0001446,P034,Lakme Lipstick,Beauty,Makeup,Lakme,1,325.0,325.0
