order_id,purchase_event_id,session_id,user_id,order_timestamp,order_date,region,device_type,traffic_source,primary_product_id,primary_product_name,primary_category,primary_subcategory,basket_items_count,total_units,subtotal,discount_rate,discount_amount,shipping_cost,tax_amount,total_amount,payment_method,order_status,estimated_cost,estimated_profit
ORD0001157,EVT0027251,S006373,U00187,2026-04-21 08:41:03,2026-04-21,Pune,mobile,paid_ads,P042,Dell ion 32GB RAM 512GB SSD,Electronics,Laptop,1,1,44211.0,0.07,3094.77,0.0,7400.92,48517.15,Credit Card,completed,32671.9,15845.25
ORD0001160,EVT0027368,S006399,U00784,2026-04-21 10:07:20,2026-04-21,Mumbai,desktop,direct,P005,Nivea Face Wash,Beauty,Skincare,1,1,1130.0,0.0,0.0,84.93,203.4,1418.33,Debit Card,completed,688.04,730.29
ORD0001161,EVT0027390,S006404,U00332,2026-04-21 14:45:15,2026-04-21,Bengaluru,mobile,paid_ads,P177,Puma Sneakers Size 9,Sports,Shoes,2,2,18268.0,0.1,1826.8,57.53,2959.42,19458.15,Debit Card,completed,13337.2,6120.95
ORD0001164,EVT0027443,S006415,U00537,2026-04-21 16:01:39,2026-04-21,Hyderabad,mobile,social,P038,Adidas Running Shoes Size 9,Sports,Shoes,3,3,16203.0,0.03,486.09,46.7,2829.04,18592.65,UPI,completed,12423.52,6169.13
ORD0001167,EVT0027494,S006426,U00466,2026-04-21 17:53:18,2026-04-21,Kolkata,mobile,paid_ads,P079,Boat Charger,Electronics,Accessories,3,3,138140.0,0.2,27628.0,0.0,19892.16,130404.16,UPI,completed,89696.72,40707.44
ORD0001165,EVT0027475,S006422,U00475,2026-04-21 20:56:07,2026-04-21,Ahmedabad,desktop,paid_ads,P006,UrbanCo Lamp,Home,Decor,2,2,11538.0,0.15,1730.7,78.15,1765.31,11650.76,Debit Card,completed,6542.11,5108.65
ORD0001162,EVT0027427,S006412,U00564,2026-04-21 21:07:04,2026-04-21,Kolkata,desktop,paid_ads,P048,Nivea Moisturizer,Beauty,Skincare,2,2,2184.0,0.05,109.2,132.51,373.46,2580.77,UPI,completed,1500.38,1080.39
ORD0001163,EVT0027432,S006413,U00549,2026-04-21 21:27:04,2026-04-21,Kolkata,mobile,direct,P003,Nivea Shampoo,Beauty,Haircare,1,1,201.0,0.03,6.03,119.53,35.09,349.59,UPI,completed,138.91,210.68
ORD0001159,EVT0027349,S006395,U00009,2026-04-21 21:46:42,2026-04-21,Pune,mobile,paid_ads,P056,Lakme Shampoo,Beauty,Haircare,2,2,1277.0,0.15,191.55,51.15,195.38,1331.98,UPI,completed,931.12,400.86
ORD0001166,EVT0027488,S006425,U00559,2026-04-21 22:49:16,2026-04-21,Pune,mobile,organic_search,P169,Nike Sneakers Size 10,Sports,Shoes,3,4,9563.0,0.06,573.78,73.41,1618.06,10680.69,Wallet,completed,6479.63,4201.06
ORD0001158,EVT0027340,S006393,U00452,2026-04-21 23:05:34,2026-04-21,Bengaluru,desktop,organic_search,P013,OnePlus 13 256GB Black,Electronics,Smartphone,1,1,75619.0,0.07,5293.33,0.0,12658.62,82984.29,UPI,completed,39963.16,43021.13
ORD0001175,EVT0027674,S006468,U00014,2026-04-22 12:19:04,2026-04-22,Hyderabad,desktop,social,P010,Samsung Phone Case,Electronics,Accessories,3,3,133626.0,0.05,6681.3,0.0,22850.05,149794.75,Credit Card,completed,86521.77,63272.98
ORD0001172,EVT0027575,S006444,U00039,2026-04-22 13:14:21,2026-04-22,Delhi,desktop,paid_ads,P093,Zara Green Polyester Jeans,Clothing,Jeans,3,4,11709.0,0.08,936.72,70.86,1939.01,12782.15,Debit Card,completed,6839.93,5942.22
ORD0001173,EVT0027590,S006448,U00583,2026-04-22 14:15:14,2026-04-22,Chennai,desktop,social,P173,Zara Green Denim T-Shirt,Clothing,T-Shirts,3,3,3754.0,0.08,300.32,39.58,621.66,4114.92,Credit Card,completed,2261.08,1853.84
ORD0001177,EVT0027714,S006479,U00323,2026-04-22 16:28:31,2026-04-22,Ahmedabad,mobile,organic_search,P056,Lakme Shampoo,Beauty,Haircare,3,3,2283.0,0.06,136.98,63.68,386.28,2595.98,UPI,completed,1571.23,1024.75
ORD0001174,EVT0027640,S006460,U00819,2026-04-22 17:26:44,2026-04-22,Ahmedabad,desktop,organic_search,P192,Zara Black Cotton Jacket,Clothing,Jackets,1,1,2258.0,0.03,67.74,68.57,394.25,2653.08,UPI,completed,1199.66,1453.42
ORD0001169,EVT0027524,S006434,U00013,2026-04-22 18:08:29,2026-04-22,Hyderabad,mobile,paid_ads,P007,Lakme Hair Oil,Beauty,Haircare,1,1,1471.0,0.15,220.65,61.99,225.06,1537.4,Debit Card,completed,853.72,683.68
ORD0001171,EVT0027556,S006440,U00065,2026-04-22 20:11:08,2026-04-22,Chennai,desktop,referral,P001,Samsung Charger,Electronics,Accessories,2,2,1735.0,0.05,86.75,53.58,296.69,1998.52,Debit Card,completed,948.68,1049.84
ORD0001176,EVT0027687,S006471,U00802,2026-04-22 20:25:22,2026-04-22,Bengaluru,mobile,direct,P021,H&M Red Polyester T-Shirt,Clothing,T-Shirts,1,1,370.0,0.0,0.0,120.58,66.6,557.18,COD,completed,257.0,300.18
ORD0001168,EVT0027517,S006432,U00309,2026-04-22 21:07:46,2026-04-22,Kolkata,tablet,organic_search,P017,Lakme Face Wash,Beauty,Skincare,3,3,4904.0,0.06,294.24,63.42,829.76,5502.94,Debit Card,completed,3204.06,2298.88
ORD0001170,EVT0027533,S006436,U00064,2026-04-22 22:19:52,2026-04-22,Bengaluru,mobile,organic_search,P005,Nivea Face Wash,Beauty,Skincare,2,2,1331.0,0.0,0.0,52.49,239.58,1623.07,UPI,completed,826.95,796.12
ORD0001181,EVT0027800,S006502,U00504,2026-04-23 12:09:05,2026-04-23,Bengaluru,tablet,email,P004,UrbanCo Mixer,Home,Kitchen,1,1,3983.0,0.12,477.96,105.09,630.91,4241.04,Credit Card,completed,2024.77,2216.27
ORD0001183,EVT0027818,S006506,U00306,2026-04-23 15:19:25,2026-04-23,Pune,desktop,social,P093,Zara Green Polyester Jeans,Clothing,Jeans,2,2,3324.0,0.05,166.2,112.07,568.4,3838.27,UPI,completed,1835.91,2002.36
ORD0001184,EVT0027868,S006517,U00694,2026-04-23 17:37:21,2026-04-23,Bengaluru,tablet,organic_search,P003,Nivea Shampoo,Beauty,Haircare,3,3,2652.0,0.06,159.12,70.96,448.72,3012.56,COD,completed,1862.35,1150.21
ORD0001179,EVT0027755,S006490,U00224,2026-04-23 17:50:27,2026-04-23,Mumbai,mobile,referral,P189,H&M Red Polyester Shirt,Clothing,Shirts,3,3,7328.0,0.03,219.84,72.66,1279.47,8460.29,Debit Card,completed,5055.54,3404.75
ORD0001182,EVT0027813,S006505,U00006,2026-04-23 18:26:16,2026-04-23,Pune,mobile,paid_ads,P038,Adidas Running Shoes Size 9,Sports,Shoes,3,3,9892.0,0.08,791.36,54.54,1638.12,10793.3,UPI,completed,6425.14,4368.16
ORD0001178,EVT0027747,S006488,U00280,2026-04-23 19:57:22,2026-04-23,Kolkata,tablet,social,P132,Adidas Running Shoes Size 7,Sports,Shoes,2,2,4415.0,0.1,441.5,133.28,715.23,4822.01,UPI,completed,3143.39,1678.62
ORD0001180,EVT0027792,S006500,U00621,2026-04-23 21:07:48,2026-04-23,Delhi,desktop,direct,P126,UrbanCo Wooden Sofa Medium,Home,Furniture,2,2,13881.0,0.0,0.0,75.04,2498.58,16454.62,Credit Card,completed,8121.19,8333.43
ORD0001185,EVT0027877,S006519,U00373,2026-04-23 21:37:42,2026-04-23,Hyderabad,mobile,social,P155,Adidas Sports T-Shirt,Sports,Activewear,2,2,6751.0,0.1,675.1,91.17,1093.66,7260.73,UPI,completed,4526.37,2734.36
ORD0001190,EVT0028018,S006549,U00753,2026-04-24 08:11:35,2026-04-24,Pune,mobile,direct,P012,Nivea Foundation,Beauty,Makeup,1,1,2237.0,0.03,67.11,120.88,390.58,2681.35,UPI,completed,1482.62,1198.73
ORD0001192,EVT0028115,S006570,U00836,2026-04-24 12:27:47,2026-04-24,Kolkata,desktop,organic_search,P183,Nike Sneakers Size 9,Sports,Shoes,2,2,5206.0,0.05,260.3,111.39,890.23,5947.32,UPI,completed,3005.68,2941.64
ORD0001187,EVT0027934,S006532,U00025,2026-04-24 13:10:05,2026-04-24,Pune,desktop,organic_search,P051,Zara Red Polyester T-Shirt,Clothing,T-Shirts,3,3,8855.0,0.03,265.65,51.8,1546.08,10187.23,Credit Card,completed,6577.48,3609.75
ORD0001188,EVT0027940,S006533,U00124,2026-04-24 14:40:16,2026-04-24,Hyderabad,desktop,direct,P195,H&M Green Denim Jeans,Clothing,Jeans,3,3,4094.0,0.03,122.82,51.18,714.81,4737.17,Credit Card,completed,2885.54,1851.63
ORD0001186,EVT0027928,S006531,U00887,2026-04-24 17:18:29,2026-04-24,Ahmedabad,mobile,paid_ads,P025,Lakme Foundation,Beauty,Makeup,3,3,3451.0,0.18,621.18,72.56,509.37,3411.75,Credit Card,completed,2296.83,1114.92
ORD0001189,EVT0028003,S006546,U00337,2026-04-24 18:47:23,2026-04-24,Kolkata,mobile,organic_search,P174,Zara Green Polyester T-Shirt,Clothing,T-Shirts,2,2,8215.0,0.03,246.45,107.37,1434.34,9510.26,Credit Card,completed,4209.29,5300.97
ORD0001191,EVT0028055,S006557,U00307,2026-04-24 19:56:30,2026-04-24,Kolkata,mobile,referral,P173,Zara Green Denim T-Shirt,Clothing,T-Shirts,2,2,1842.0,0.0,0.0,91.88,331.56,2265.44,Wallet,completed,1323.98,941.46
ORD0001203,EVT0028324,S006615,U00136,2026-04-25 08:32:42,2026-04-25,Chennai,mobile,organic_search,P117,Nike Running Shoes Size 10,Sports,Shoes,2,2,8154.0,0.0,0.0,75.92,1467.72,9697.64,UPI,completed,5084.2,4613.44
ORD0001199,EVT0028268,S006603,U00430,2026-04-25 10:40:42,2026-04-25,Pune,desktop,direct,P015,Nike Dumbbells,Sports,Equipment,1,1,4660.0,0.03,139.8,146.95,813.64,5480.79,UPI,completed,2418.35,3062.44
ORD0001210,EVT0028418,S006635,U00107,2026-04-25 12:04:28,2026-04-25,Ahmedabad,mobile,social,P040,Samsung Power Bank,Electronics,Accessories,1,1,2575.0,0.1,257.5,105.48,417.15,2840.13,Credit Card,completed,1815.31,1024.82
ORD0001212,EVT0028439,S006639,U00892,2026-04-25 13:30:28,2026-04-25,Chennai,mobile,direct,P183,Nike Sneakers Size 9,Sports,Shoes,2,2,6437.0,0.0,0.0,146.17,1158.66,7741.83,Credit Card,completed,4435.02,3306.81
ORD0001202,EVT0028312,S006613,U00514,2026-04-25 14:06:19,2026-04-25,Bengaluru,desktop,social,P155,Adidas Sports T-Shirt,Sports,Activewear,3,3,11973.0,0.08,957.84,50.29,1982.73,13048.18,UPI,completed,8028.22,5019.96
ORD0001197,EVT0028255,S006600,U00589,2026-04-25 14:40:08,2026-04-25,Mumbai,mobile,direct,P010,Samsung Phone Case,Electronics,Accessories,2,2,43892.0,0.07,3072.44,0.0,7347.52,48167.08,Credit Card,completed,23283.84,24883.24
ORD0001211,EVT0028430,S006637,U00827,2026-04-25 17:02:36,2026-04-25,Delhi,mobile,direct,P026,UrbanCo Wall Art,Home,Decor,3,3,23647.0,0.1,2364.7,0.0,3830.81,25113.11,Wallet,completed,14881.15,10231.96
ORD0001195,EVT0028183,S006584,U00600,2026-04-25 18:09:29,2026-04-25,Hyderabad,mobile,social,P130,Apple G21 128GB Black,Electronics,Smartphone,1,1,67400.0,0.12,8088.0,0.0,10676.16,69988.16,Credit Card,completed,44893.31,25094.85
ORD0001193,EVT0028132,S006574,U00326,2026-04-25 19:27:41,2026-04-25,Pune,mobile,direct,P036,Nivea Hair Oil,Beauty,Haircare,1,1,877.0,0.05,43.85,49.6,149.97,1032.72,Wallet,completed,686.64,346.08
ORD0001205,EVT0028350,S006620,U00224,2026-04-25 19:41:25,2026-04-25,Mumbai,mobile,email,P084,H&M White Polyester Jeans,Clothing,Jeans,3,3,5539.0,0.08,443.12,39.06,917.26,6052.2,UPI,completed,3281.06,2771.14
ORD0001204,EVT0028337,S006617,U00760,2026-04-25 20:14:31,2026-04-25,Pune,mobile,organic_search,P191,H&M White Cotton Shirt,Clothing,Shirts,2,2,1897.0,0.0,0.0,102.36,341.46,2340.82,UPI,completed,1319.58,1021.24
ORD0001194,EVT0028177,S006583,U00187,2026-04-25 20:22:38,2026-04-25,Pune,mobile,direct,P003,Nivea Shampoo,Beauty,Haircare,1,1,201.0,0.0,0.0,86.77,36.18,323.95,UPI,completed,138.91,185.04
ORD0001200,EVT0028286,S006607,U00417,2026-04-25 20:42:48,2026-04-25,Mumbai,mobile,organic_search,P040,Samsung Power Bank,Electronics,Accessories,2,2,47138.0,0.05,2356.9,0.0,8060.6,52841.7,UPI,completed,31754.02,21087.68
ORD0001206,EVT0028371,S006624,U00141,2026-04-25 21:02:05,2026-04-25,Mumbai,mobile,paid_ads,P020,Puma Yoga Mat,Sports,Equipment,1,1,12458.0,0.1,1245.8,134.27,2018.2,13364.67,UPI,completed,9726.13,3638.54
ORD0001209,EVT0028407,S006633,U00716,2026-04-25 21:13:04,2026-04-25,Ahmedabad,desktop,organic_search,P055,Sony Wireless Earbuds,Electronics,Headphones,3,3,73044.0,0.08,5843.52,0.0,12096.09,79296.57,Wallet,completed,40664.21,38632.36
ORD0001198,EVT0028260,S006601,U00621,2026-04-25 21:18:43,2026-04-25,Mumbai,desktop,organic_search,P014,Nike Track Pants,Sports,Activewear,2,2,2489.0,0.03,74.67,87.18,434.58,2936.09,Wallet,completed,1605.53,1330.56
ORD0001207,EVT0028380,S006626,U00426,2026-04-25 21:28:00,2026-04-25,Mumbai,mobile,organic_search,P132,Adidas Running Shoes Size 7,Sports,Shoes,3,3,16093.0,0.03,482.79,63.63,2809.84,18483.68,UPI,completed,9953.64,8530.04
ORD0001201,EVT0028307,S006612,U00276,2026-04-25 21:50:10,2026-04-25,Hyderabad,tablet,social,P036,Nivea Hair Oil,Beauty,Haircare,3,4,4365.0,0.08,349.2,70.99,722.84,4809.63,Debit Card,completed,2797.75,2011.88
ORD0001208,EVT0028399,S006631,U00486,2026-04-25 22:04:37,2026-04-25,Mumbai,mobile,direct,P045,Puma Running Shoes Size 10,Sports,Shoes,1,1,6410.0,0.05,320.5,119.4,1096.11,7305.01,UPI,completed,4446.3,2858.71
ORD0001196,EVT0028237,S006597,U00438,2026-04-25 22:50:04,2026-04-25,Ahmedabad,desktop,organic_search,P057,H&M Blue Denim Jeans,Clothing,Jeans,3,3,8810.0,0.08,704.8,54.28,1458.94,9618.42,Debit Card,completed,6371.39,3247.03
ORD0001214,EVT0028519,S006658,U00356,2026-04-26 08:07:24,2026-04-26,Chennai,mobile,direct,P165,UrbanCo Metal Sofa Large,Home,Furniture,1,1,6328.0,0.0,0.0,121.77,1139.04,7588.81,Wallet,completed,4385.08,3203.73
ORD0001215,EVT0028564,S006669,U00894,2026-04-26 08:19:05,2026-04-26,Ahmedabad,tablet,social,P198,Zara Black Polyester Jeans,Clothing,Jeans,3,3,8352.0,0.13,1085.76,45.16,1307.92,8619.32,Credit Card,completed,5267.08,3352.24
ORD0001218,EVT0028593,S006675,U00484,2026-04-26 11:14:24,2026-04-26,Bengaluru,mobile,direct,P074,Nike Running Shoes Size 9,Sports,Shoes,1,1,4123.0,0.03,123.69,50.36,719.88,4769.55,UPI,completed,2333.78,2435.77
ORD0001217,EVT0028582,S006672,U00444,2026-04-26 13:12:35,2026-04-26,Mumbai,desktop,organic_search,P008,Sony Bluetooth Headphones,Electronics,Headphones,1,1,2561.0,0.0,0.0,83.76,460.98,3105.74,UPI,completed,1712.29,1393.45
ORD0001216,EVT0028575,S006671,U00030,2026-04-26 15:36:48,2026-04-26,Ahmedabad,desktop,direct,P054,Adidas Yoga Mat,Sports,Equipment,1,1,5689.0,0.0,0.0,108.4,1024.02,6821.42,Credit Card,completed,3378.52,3442.9
ORD0001219,EVT0028638,S006686,U00705,2026-04-26 16:59:21,2026-04-26,Ahmedabad,desktop,organic_search,P027,Zara Black Cotton Shirt,Clothing,Shirts,2,2,1642.0,0.05,82.1,61.32,280.78,1902.0,UPI,completed,1144.69,757.31
ORD0001213,EVT0028478,S006648,U00591,2026-04-26 17:36:25,2026-04-26,Pune,mobile,organic_search,P179,Zara Black Polyester Shirt,Clothing,Shirts,2,3,7459.0,0.05,372.95,65.27,1275.49,8426.81,UPI,completed,4068.82,4357.99
ORD0001221,EVT0028655,S006690,U00133,2026-04-26 19:22:12,2026-04-26,Delhi,mobile,direct,P023,Zara White Cotton T-Shirt,Clothing,T-Shirts,1,1,474.0,0.05,23.7,128.56,81.05,659.91,UPI,completed,242.72,417.19
ORD0001220,EVT0028650,S006689,U00877,2026-04-26 19:42:35,2026-04-26,Hyderabad,mobile,paid_ads,P005,Nivea Face Wash,Beauty,Skincare,2,2,1331.0,0.05,66.55,106.6,227.6,1598.65,Wallet,completed,826.95,771.7
ORD0001222,EVT0028668,S006692,U00293,2026-04-26 22:11:26,2026-04-26,Pune,mobile,direct,P006,UrbanCo Lamp,Home,Decor,2,2,11153.0,0.05,557.65,101.82,1907.16,12604.33,UPI,completed,6402.84,6201.49
ORD0001228,EVT0028848,S006735,U00508,2026-04-27 10:25:45,2026-04-27,Ahmedabad,mobile,paid_ads,P103,Zara Red Cotton Jacket,Clothing,Jackets,1,1,2086.0,0.1,208.6,101.33,337.93,2316.66,UPI,completed,1470.36,846.3
ORD0001226,EVT0028809,S006727,U00746,2026-04-27 12:44:40,2026-04-27,Pune,mobile,organic_search,P133,H&M Green Polyester Jeans,Clothing,Jeans,3,3,10325.0,0.08,826.0,41.54,1709.82,11250.36,UPI,completed,7332.78,3917.58
ORD0001231,EVT0028905,S006750,U00761,2026-04-27 19:18:53,2026-04-27,Mumbai,mobile,organic_search,P014,Nike Track Pants,Sports,Activewear,1,1,1075.0,0.03,32.25,135.93,187.69,1366.37,UPI,completed,711.07,655.3
ORD0001227,EVT0028840,S006733,U00632,2026-04-27 19:45:31,2026-04-27,Hyderabad,desktop,paid_ads,P145,UrbanCo Metal Dining Table Medium,Home,Furniture,1,1,26201.0,0.17,4454.17,0.0,3914.43,25661.26,UPI,completed,20743.97,4917.29
ORD0001230,EVT0028883,S006744,U00664,2026-04-27 21:11:09,2026-04-27,Mumbai,desktop,organic_search,P150,Adidas Track Pants,Sports,Activewear,2,2,4399.0,0.05,219.95,133.82,752.23,5065.1,Credit Card,completed,2887.31,2177.79
ORD0001224,EVT0028781,S006720,U00286,2026-04-27 21:43:43,2026-04-27,Pune,desktop,social,P089,Apple Macbook Air 16GB RAM 256GB SSD,Electronics,Laptop,2,2,154601.0,0.07,10822.07,0.0,25880.21,169659.14,Net Banking,completed,88938.65,80720.49
ORD0001229,EVT0028873,S006742,U00574,2026-04-27 22:01:00,2026-04-27,Hyderabad,desktop,direct,P126,UrbanCo Wooden Sofa Medium,Home,Furniture,3,3,44668.0,0.08,3573.44,0.0,7397.02,48491.58,UPI,completed,33551.55,14940.03
ORD0001223,EVT0028735,S006709,U00325,2026-04-27 22:03:14,2026-04-27,Ahmedabad,mobile,organic_search,P119,Lakme Moisturizer,Beauty,Skincare,1,1,1751.0,0.05,87.55,86.14,299.42,2049.01,Net Banking,completed,1221.69,827.32
ORD0001225,EVT0028799,S006725,U00685,2026-04-27 23:04:33,2026-04-27,Bengaluru,mobile,direct,P082,H&M Green Denim Jacket,Clothing,Jackets,2,2,6229.0,0.03,186.87,115.06,1087.58,7244.77,UPI,completed,4286.9,2957.87
ORD0001232,EVT0028920,S006754,U00470,2026-04-28 13:20:56,2026-04-28,Bengaluru,mobile,paid_ads,P084,H&M White Polyester Jeans,Clothing,Jeans,1,1,2041.0,0.05,102.05,96.08,349.01,2384.04,Debit Card,completed,1156.9,1227.14
ORD0001242,EVT0029124,S006802,U00893,2026-04-28 14:22:04,2026-04-28,Bengaluru,mobile,paid_ads,P057,H&M Blue Denim Jeans,Clothing,Jeans,1,1,1555.0,0.15,233.25,129.94,237.91,1689.6,UPI,completed,1160.76,528.84
ORD0001238,EVT0029041,S006782,U00120,2026-04-28 17:04:05,2026-04-28,Ahmedabad,mobile,organic_search,P082,H&M Green Denim Jacket,Clothing,Jackets,2,2,5005.0,0.03,150.15,124.46,873.87,5853.18,Debit Card,completed,3832.08,2021.1
ORD0001233,EVT0028941,S006758,U00355,2026-04-28 17:50:42,2026-04-28,Bengaluru,mobile,email,P040,Samsung Power Bank,Electronics,Accessories,2,2,100009.0,0.14,14001.26,0.0,15481.39,101489.13,Credit Card,completed,78396.45,23092.68
ORD0001237,EVT0028999,S006772,U00251,2026-04-28 18:27:53,2026-04-28,Hyderabad,mobile,organic_search,P080,Boat Phone Case,Electronics,Accessories,2,2,98440.0,0.05,4922.0,0.0,16833.24,110351.24,UPI,completed,77265.1,33086.14
ORD0001239,EVT0029064,S006787,U00414,2026-04-28 19:18:18,2026-04-28,Pune,mobile,paid_ads,P155,Adidas Sports T-Shirt,Sports,Activewear,3,3,11651.0,0.18,2097.18,68.56,1719.69,11342.07,Net Banking,completed,8255.14,3086.93
ORD0001236,EVT0028970,S006764,U00425,2026-04-28 19:21:03,2026-04-28,Pune,mobile,paid_ads,P003,Nivea Shampoo,Beauty,Haircare,2,3,3143.0,0.1,314.3,80.96,509.17,3418.83,Net Banking,completed,1846.35,1572.48
ORD0001234,EVT0028957,S006761,U00611,2026-04-28 19:48:45,2026-04-28,Pune,tablet,paid_ads,P003,Nivea Shampoo,Beauty,Haircare,2,3,2461.0,0.1,246.1,52.83,398.68,2666.41,Debit Card,completed,1514.99,1151.42
ORD0001241,EVT0029115,S006800,U00282,2026-04-28 19:53:58,2026-04-28,Mumbai,mobile,organic_search,P029,Adidas Running Shoes Size 8,Sports,Shoes,1,1,2068.0,0.05,103.4,145.53,353.63,2463.76,Debit Card,completed,1084.38,1379.38
ORD0001235,EVT0028962,S006762,U00104,2026-04-28 22:21:14,2026-04-28,Kolkata,mobile,direct,P066,Puma Running Shoes Size 7,Sports,Shoes,2,2,9274.0,0.05,463.7,100.4,1585.85,10496.55,Wallet,completed,5461.18,5035.37
ORD0001240,EVT0029107,S006798,U00605,2026-04-28 22:54:54,2026-04-28,Mumbai,tablet,email,P040,Samsung Power Bank,Electronics,Accessories,2,2,64813.0,0.07,4536.91,0.0,10849.7,71125.79,UPI,completed,40386.85,30738.94
ORD0001243,EVT0029192,S006823,U00519,2026-04-29 10:51:52,2026-04-29,Kolkata,mobile,paid_ads,P034,Lakme Lipstick,Beauty,Makeup,2,3,1249.0,0.1,124.9,59.36,202.34,1385.8,COD,completed,777.34,608.46
ORD0001247,EVT0029255,S006838,U00698,2026-04-29 12:18:22,2026-04-29,Delhi,mobile,direct,P114,JBL Wireless Earbuds,Electronics,Headphones,3,3,183858.0,0.08,14708.64,0.0,30446.88,199596.24,Net Banking,completed,111735.48,87860.76
ORD0001250,EVT0029299,S006848,U00373,2026-04-29 13:02:52,2026-04-29,Hyderabad,mobile,organic_search,P062,H&M Green Polyester Jacket,Clothing,Jackets,1,1,6565.0,0.03,196.95,63.13,1146.25,7577.43,UPI,completed,5196.88,2380.55
ORD0001245,EVT0029228,S006831,U00142,2026-04-29 15:18:35,2026-04-29,Bengaluru,mobile,direct,P025,Lakme Foundation,Beauty,Makeup,3,5,7196.0,0.08,575.68,39.5,1191.66,7851.48,UPI,completed,4636.57,3214.91
ORD0001246,EVT0029234,S006832,U00384,2026-04-29 19:16:00,2026-04-29,Bengaluru,desktop,paid_ads,P119,Lakme Moisturizer,Beauty,Skincare,1,1,1751.0,0.15,262.65,137.82,267.9,1894.07,Net Banking,completed,1221.69,672.38
ORD0001252,EVT0029340,S006857,U00640,2026-04-29 19:52:02,2026-04-29,Ahmedabad,mobile,organic_search,P063,UrbanCo Metal Chair Large,Home,Furniture,1,1,4232.0,0.0,0.0,97.88,761.76,5091.64,UPI,completed,2999.25,2092.39
ORD0001253,EVT0029346,S006858,U00688,2026-04-29 20:20:10,2026-04-29,Ahmedabad,mobile,organic_search,P001,Samsung Charger,Electronics,Accessories,3,4,95988.0,0.1,9598.8,0.0,15550.06,101939.26,Wallet,completed,51632.4,50306.86
ORD0001248,EVT0029260,S006839,U00697,2026-04-29 20:30:37,2026-04-29,Delhi,tablet,organic_search,P017,Lakme Face Wash,Beauty,Skincare,1,1,1574.0,0.05,78.7,88.55,269.15,1853.0,Debit Card,completed,1036.8,816.2
ORD0001251,EVT0029309,S006851,U00782,2026-04-29 21:09:52,2026-04-29,Bengaluru,mobile,social,P003,Nivea Shampoo,Beauty,Haircare,1,1,201.0,0.0,0.0,79.76,36.18,316.94,UPI,completed,138.91,178.03
ORD0001244,EVT0029198,S006824,U00301,2026-04-29 22:06:10,2026-04-29,Delhi,desktop,referral,P007,Lakme Hair Oil,Beauty,Haircare,2,2,2601.0,0.03,78.03,132.79,454.13,3109.89,Credit Card,completed,1541.76,1568.13
ORD0001249,EVT0029294,S006847,U00491,2026-04-29 22:24:36,2026-04-29,Bengaluru,mobile,social,P132,Adidas Running Shoes Size 7,Sports,Shoes,3,3,17213.0,0.08,1377.04,55.85,2850.47,18742.28,Credit Card,completed,10330.62,8411.66
ORD0001257,EVT0029453,S006881,U00170,2026-04-30 08:06:35,2026-04-30,Ahmedabad,desktop,direct,P015,Nike Dumbbells,Sports,Equipment,1,1,4660.0,0.05,233.0,68.08,796.86,5291.94,Credit Card,completed,2418.35,2873.59
ORD0001254,EVT0029365,S006862,U00224,2026-04-30 09:36:43,2026-04-30,Mumbai,tablet,organic_search,P078,Zara Red Polyester Jeans,Clothing,Jeans,3,3,3717.0,0.06,223.02,62.53,628.92,4185.43,Wallet,completed,2079.04,2106.39
ORD0001255,EVT0029381,S006865,U00678,2026-04-30 12:41:07,2026-04-30,Bengaluru,desktop,organic_search,P017,Lakme Face Wash,Beauty,Skincare,1,1,1574.0,0.0,0.0,55.69,283.32,1913.01,Credit Card,completed,1036.8,876.21
ORD0001261,EVT0029539,S006899,U00328,2026-04-30 17:45:46,2026-04-30,Ahmedabad,mobile,organic_search,P061,H&M Black Polyester Shirt,Clothing,Shirts,2,2,3063.0,0.0,0.0,111.69,551.34,3726.03,UPI,completed,2026.0,1700.03
ORD0001259,EVT0029498,S006891,U00697,2026-04-30 18:29:10,2026-04-30,Delhi,mobile,email,P104,OnePlus Galaxy S21 128GB Black,Electronics,Smartphone,3,3,175889.0,0.13,22865.57,0.0,27544.22,180567.65,UPI,completed,111490.29,69077.36
ORD0001256,EVT0029438,S006878,U00719,2026-04-30 18:44:57,2026-04-30,Pune,tablet,email,P051,Zara Red Polyester T-Shirt,Clothing,T-Shirts,2,2,2161.0,0.12,259.32,77.54,342.3,2321.52,UPI,completed,1609.84,711.68
ORD0001260,EVT0029510,S006893,U00481,2026-04-30 19:42:47,2026-04-30,Delhi,mobile,social,P117,Nike Running Shoes Size 10,Sports,Shoes,1,1,5153.0,0.05,257.65,118.71,881.16,5895.22,UPI,completed,2835.27,3059.95
ORD0001258,EVT0029458,S006882,U00078,2026-04-30 23:00:30,2026-04-30,Mumbai,desktop,direct,P009,Nivea Lipstick,Beauty,Makeup,1,1,2838.0,0.0,0.0,121.48,510.84,3470.32,Credit Card,completed,1737.43,1732.89
ORD0001262,EVT0029571,S006906,U00150,2026-04-30 23:06:21,2026-04-30,Delhi,tablet,organic_search,P001,Samsung Charger,Electronics,Accessories,3,3,117636.0,0.08,9410.88,0.0,19480.52,127705.64,Credit Card,completed,61982.59,65723.05
ORD0001264,EVT0029684,S006932,U00483,2026-05-01 11:23:31,2026-05-01,Hyderabad,mobile,referral,P157,H&M White Polyester T-Shirt,Clothing,T-Shirts,3,3,2035.0,0.08,162.8,41.87,337.0,2251.07,Debit Card,completed,1375.12,875.95
ORD0001268,EVT0029783,S006957,U00788,2026-05-01 13:03:13,2026-05-01,Chennai,mobile,direct,P026,UrbanCo Wall Art,Home,Decor,1,1,1607.0,0.03,48.21,87.46,280.58,1926.83,COD,completed,1105.61,821.22
ORD0001263,EVT0029637,S006922,U00475,2026-05-01 16:33:09,2026-05-01,Ahmedabad,mobile,email,P055,Sony Wireless Earbuds,Electronics,Headphones,1,1,3070.0,0.08,245.6,68.35,508.39,3401.14,Wallet,completed,1852.7,1548.44
ORD0001267,EVT0029758,S006951,U00829,2026-05-01 18:40:55,2026-05-01,Mumbai,mobile,organic_search,P027,Zara Black Cotton Shirt,Clothing,Shirts,3,4,4477.0,0.06,268.62,62.07,757.51,5027.96,Debit Card,completed,3197.28,1830.68
ORD0001266,EVT0029753,S006950,U00618,2026-05-01 18:44:17,2026-05-01,Hyderabad,mobile,organic_search,P009,Nivea Lipstick,Beauty,Makeup,3,3,6546.0,0.03,196.38,74.81,1142.93,7567.36,Net Banking,completed,4073.77,3493.59
ORD0001269,EVT0029800,S006961,U00778,2026-05-01 21:21:16,2026-05-01,Delhi,desktop,organic_search,P113,HP Pavilion 32GB RAM 1TB SSD,Electronics,Laptop,1,1,58935.0,0.02,1178.7,0.0,10396.13,68152.43,UPI,completed,44201.4,23951.03
ORD0001265,EVT0029740,S006948,U00018,2026-05-01 21:44:56,2026-05-01,Pune,desktop,direct,P056,Lakme Shampoo,Beauty,Haircare,3,4,6337.0,0.08,506.96,51.68,1049.41,6931.13,Credit Card,completed,4300.5,2630.63
ORD0001270,EVT0029806,S006962,U00263,2026-05-01 22:44:30,2026-05-01,Pune,tablet,organic_search,P177,Puma Sneakers Size 9,Sports,Shoes,2,2,11499.0,0.05,574.95,49.64,1966.33,12940.02,Net Banking,completed,6989.59,5950.43
ORD0001271,EVT0029816,S006964,U00586,2026-05-02 12:16:39,2026-05-02,Kolkata,desktop,organic_search,P170,H&M Green Cotton Shirt,Clothing,Shirts,1,1,761.0,0.0,0.0,132.36,136.98,1030.34,UPI,completed,485.24,545.1
ORD0001275,EVT0029907,S006985,U00775,2026-05-02 13:23:12,2026-05-02,Hyderabad,desktop,social,P137,H&M Red Denim T-Shirt,Clothing,T-Shirts,2,2,1837.0,0.1,183.7,51.13,297.59,2002.02,Net Banking,completed,1143.06,858.96
ORD0001273,EVT0029873,S006977,U00634,2026-05-02 13:32:32,2026-05-02,Mumbai,mobile,paid_ads,P101,H&M Blue Cotton T-Shirt,Clothing,T-Shirts,2,3,6847.0,0.05,342.35,131.2,1170.84,7806.69,UPI,completed,4289.36,3517.33
ORD0001274,EVT0029891,S006982,U00094,2026-05-02 15:08:46,2026-05-02,Chennai,mobile,organic_search,P197,Puma Sneakers Size 8,Sports,Shoes,3,3,14681.0,0.08,1174.48,74.67,2431.17,16012.36,UPI,completed,9191.21,6821.15
ORD0001276,EVT0029929,S006990,U00384,2026-05-02 15:44:18,2026-05-02,Delhi,desktop,organic_search,P034,Lakme Lipstick,Beauty,Makeup,3,3,1664.0,0.08,133.12,55.83,275.56,1862.27,Debit Card,completed,1168.73,693.54
ORD0001281,EVT0030025,S007012,U00066,2026-05-02 19:05:35,2026-05-02,Pune,desktop,paid_ads,P058,Puma Running Shoes Size 8,Sports,Shoes,1,1,7047.0,0.15,1057.05,102.21,1078.19,7170.35,Debit Card,completed,5073.48,2096.87
ORD0001272,EVT0029841,S006969,U00859,2026-05-02 19:39:03,2026-05-02,Chennai,mobile,organic_search,P117,Nike Running Shoes Size 10,Sports,Shoes,1,1,5153.0,0.0,0.0,127.0,927.54,6207.54,Net Banking,completed,2835.27,3372.27
ORD0001279,EVT0029960,S006996,U00279,2026-05-02 19:39:28,2026-05-02,Ahmedabad,mobile,organic_search,P142,UrbanCo Plastic Sofa Medium,Home,Furniture,1,1,10982.0,0.05,549.1,68.33,1877.92,12379.15,Debit Card,completed,7514.09,4865.06
ORD0001278,EVT0029946,S006993,U00032,2026-05-02 19:45:48,2026-05-02,Kolkata,tablet,organic_search,P025,Lakme Foundation,Beauty,Makeup,3,3,2988.0,0.08,239.04,63.4,494.81,3307.17,UPI,completed,2076.33,1230.84
ORD0001280,EVT0030005,S007007,U00717,2026-05-02 20:31:01,2026-05-02,Pune,desktop,organic_search,P169,Nike Sneakers Size 10,Sports,Shoes,1,1,1381.0,0.03,41.43,116.87,241.12,1697.56,Debit Card,completed,927.59,769.97
ORD0001277,EVT0029940,S006992,U00513,2026-05-02 22:29:46,2026-05-02,Hyderabad,mobile,organic_search,P045,Puma Running Shoes Size 10,Sports,Shoes,1,1,6410.0,0.05,320.5,60.77,1096.11,7246.38,Net Banking,completed,4446.3,2800.08
ORD0001284,EVT0030171,S007049,U00434,2026-05-03 08:50:01,2026-05-03,Pune,mobile,direct,P017,Lakme Face Wash,Beauty,Skincare,2,2,3433.0,0.03,102.99,120.26,599.4,4049.67,UPI,completed,2350.34,1699.33
ORD0001283,EVT0030166,S007048,U00253,2026-05-03 09:13:52,2026-05-03,Bengaluru,mobile,social,P003,Nivea Shampoo,Beauty,Haircare,1,1,201.0,0.05,10.05,76.62,34.37,301.94,Wallet,completed,138.91,163.03
ORD0001287,EVT0030323,S007090,U00698,2026-05-03 10:19:27,2026-05-03,Delhi,desktop,organic_search,P166,H&M Black Cotton Jacket,Clothing,Jackets,1,1,4254.0,0.0,0.0,147.53,765.72,5167.25,Debit Card,completed,2726.6,2440.65
ORD0001286,EVT0030279,S007077,U00343,2026-05-03 11:26:40,2026-05-03,Bengaluru,desktop,email,P005,Nivea Face Wash,Beauty,Skincare,2,3,1780.0,0.08,142.4,110.33,294.77,2042.7,Credit Card,completed,1061.72,980.98
ORD0001282,EVT0030111,S007034,U00869,2026-05-03 21:37:01,2026-05-03,Ahmedabad,mobile,direct,P003,Nivea Shampoo,Beauty,Haircare,3,3,4297.0,0.08,343.76,48.72,711.58,4713.54,UPI,completed,2935.07,1778.47
ORD0001285,EVT0030236,S007066,U00771,2026-05-03 22:12:58,2026-05-03,Hyderabad,desktop,organic_search,P015,Nike Dumbbells,Sports,Equipment,1,1,4660.0,0.0,0.0,70.33,838.8,5569.13,Debit Card,completed,2418.35,3150.78
ORD0001301,EVT0030574,S007150,U00192,2026-05-04 08:08:24,2026-05-04,Delhi,mobile,email,P159,Puma Sneakers Size 10,Sports,Shoes,2,2,11813.0,0.12,1417.56,57.96,1871.18,12324.58,Wallet,completed,8727.38,3597.2
ORD0001300,EVT0030557,S007147,U00233,2026-05-04 08:14:09,2026-05-04,Mumbai,desktop,organic_search,P025,Lakme Foundation,Beauty,Makeup,1,1,462.0,0.05,23.1,67.65,79.0,585.55,Debit Card,completed,295.25,290.3
ORD0001298,EVT0030542,S007144,U00698,2026-05-04 10:32:17,2026-05-04,Delhi,desktop,paid_ads,P193,H&M Red Cotton Jeans,Clothing,Jeans,2,2,3092.0,0.1,309.2,75.71,500.9,3359.41,Debit Card,completed,1939.73,1419.68
ORD0001303,EVT0030600,S007157,U00462,2026-05-04 11:15:39,2026-05-04,Pune,desktop,organic_search,P143,OnePlus G1 256GB Red,Electronics,Smartphone,1,1,15113.0,0.0,0.0,106.16,2720.34,17939.5,Net Banking,completed,11133.69,6805.81
ORD0001293,EVT0030409,S007109,U00603,2026-05-04 11:56:39,2026-05-04,Delhi,desktop,email,P059,H&M Black Denim T-Shirt,Clothing,T-Shirts,2,2,1876.0,0.12,225.12,54.01,297.16,2002.05,Credit Card,completed,1171.98,830.07
ORD0001294,EVT0030437,S007117,U00632,2026-05-04 15:08:15,2026-05-04,Pune,desktop,social,P090,Zara Red Polyester Shirt,Clothing,Shirts,1,1,801.0,0.05,40.05,120.71,136.97,1018.63,Credit Card,completed,453.37,565.26
ORD0001295,EVT0030443,S007118,U00734,2026-05-04 15:33:45,2026-05-04,Hyderabad,mobile,paid_ads,P169,Nike Sneakers Size 10,Sports,Shoes,2,2,9320.0,0.1,932.0,74.51,1509.84,9972.35,Wallet,completed,5797.03,4175.32
ORD0001290,EVT0030382,S007104,U00739,2026-05-04 16:09:42,2026-05-04,Chennai,desktop,organic_search,P029,Adidas Running Shoes Size 8,Sports,Shoes,1,1,2068.0,0.03,62.04,143.3,361.07,2510.33,Debit Card,completed,1084.38,1425.95
ORD0001292,EVT0030403,S007108,U00743,2026-05-04 16:23:28,2026-05-04,Delhi,desktop,organic_search,P007,Lakme Hair Oil,Beauty,Haircare,2,2,2601.0,0.03,78.03,146.9,454.13,3124.0,Credit Card,completed,1541.76,1582.24
ORD0001288,EVT0030346,S007096,U00663,2026-05-04 16:26:05,2026-05-04,Kolkata,mobile,email,P197,Puma Sneakers Size 8,Sports,Shoes,2,2,9814.0,0.12,1177.68,125.02,1554.54,10315.88,UPI,completed,5505.41,4810.47
ORD0001289,EVT0030377,S007103,U00145,2026-05-04 18:20:25,2026-05-04,Hyderabad,desktop,social,P181,HP PS 16GB RAM 1TB SSD,Electronics,Laptop,2,2,133428.0,0.02,2668.56,0.0,23536.7,154296.14,Credit Card,completed,75536.32,78759.82
ORD0001296,EVT0030467,S007125,U00445,2026-05-04 18:26:47,2026-05-04,Kolkata,mobile,paid_ads,P125,Zara Blue Denim Jeans,Clothing,Jeans,3,3,8577.0,0.18,1543.86,63.15,1265.97,8362.26,UPI,completed,5543.27,2818.99
ORD0001302,EVT0030587,S007154,U00118,2026-05-04 19:19:34,2026-05-04,Chennai,mobile,paid_ads,P180,Zara White Denim T-Shirt,Clothing,T-Shirts,3,4,6837.0,0.18,1230.66,41.29,1009.14,6656.77,Net Banking,completed,4042.47,2614.3
ORD0001291,EVT0030389,S007105,U00061,2026-05-04 20:12:18,2026-05-04,Chennai,mobile,referral,P177,Puma Sneakers Size 9,Sports,Shoes,1,1,5810.0,0.0,0.0,129.97,1045.8,6985.77,Credit Card,completed,3611.07,3374.7
ORD0001299,EVT0030551,S007146,U00332,2026-05-04 20:49:00,2026-05-04,Bengaluru,mobile,organic_search,P146,H&M Blue Polyester Shirt,Clothing,Shirts,2,3,4039.0,0.0,0.0,97.38,727.02,4863.4,Debit Card,completed,2878.26,1985.14
ORD0001297,EVT0030498,S007134,U00525,2026-05-04 22:30:11,2026-05-04,Pune,mobile,direct,P045,Puma Running Shoes Size 10,Sports,Shoes,1,1,6410.0,0.05,320.5,86.69,1096.11,7272.3,Credit Card,completed,4446.3,2826.0
ORD0001304,EVT0030615,S007160,U00392,2026-05-05 08:14:41,2026-05-05,Ahmedabad,mobile,email,P005,Nivea Face Wash,Beauty,Skincare,2,2,3367.0,0.12,404.04,53.99,533.33,3550.28,UPI,completed,2170.66,1379.62
ORD0001306,EVT0030697,S007178,U00819,2026-05-05 11:59:29,2026-05-05,Ahmedabad,desktop,referral,P079,Boat Charger,Electronics,Accessories,3,3,165725.0,0.08,13258.0,0.0,27444.06,179911.06,Debit Card,completed,92339.45,87571.61
ORD0001309,EVT0030773,S007195,U00563,2026-05-05 14:19:47,2026-05-05,Delhi,mobile,direct,P139,UrbanCo Wooden Chair Large,Home,Furniture,1,1,8748.0,0.05,437.4,138.91,1495.91,9945.42,Credit Card,completed,4491.19,5454.23
ORD0001305,EVT0030656,S007169,U00039,2026-05-05 19:22:29,2026-05-05,Delhi,desktop,organic_search,P097,Zara Blue Polyester Jacket,Clothing,Jackets,3,3,9130.0,0.06,547.8,64.12,1544.8,10191.12,Net Banking,completed,4915.82,5275.3
ORD0001307,EVT0030710,S007181,U00498,2026-05-05 22:17:51,2026-05-05,Chennai,desktop,direct,P015,Nike Dumbbells,Sports,Equipment,1,1,4660.0,0.0,0.0,94.44,838.8,5593.24,UPI,completed,2418.35,3174.89
ORD0001308,EVT0030760,S007193,U00794,2026-05-05 22:56:44,2026-05-05,Pune,desktop,paid_ads,P006,UrbanCo Lamp,Home,Decor,2,2,10388.0,0.1,1038.8,122.27,1682.86,11154.33,Wallet,completed,5927.59,5226.74
ORD0001319,EVT0031012,S007249,U00570,2026-05-06 08:42:27,2026-05-06,Kolkata,tablet,paid_ads,P012,Nivea Foundation,Beauty,Makeup,3,3,4688.0,0.18,843.84,72.85,691.95,4608.96,UPI,completed,3206.06,1402.9
ORD0001315,EVT0030979,S007242,U00417,2026-05-06 08:57:56,2026-05-06,Kolkata,mobile,organic_search,P048,Nivea Moisturizer,Beauty,Skincare,2,2,3330.0,0.05,166.5,87.15,569.43,3820.08,UPI,completed,2167.26,1652.82
ORD0001318,EVT0031006,S007248,U00025,2026-05-06 10:45:21,2026-05-06,Bengaluru,desktop,direct,P020,Puma Yoga Mat,Sports,Equipment,1,1,12458.0,0.05,622.9,129.23,2130.32,14094.65,Net Banking,completed,9726.13,4368.52
ORD0001312,EVT0030867,S007217,U00297,2026-05-06 12:11:46,2026-05-06,Hyderabad,mobile,organic_search,P043,JBL Bluetooth Headphones,Electronics,Headphones,2,2,79537.0,0.07,5567.59,0.0,13314.49,87283.9,UPI,completed,45803.31,41480.59
ORD0001317,EVT0030998,S007246,U00149,2026-05-06 15:14:23,2026-05-06,Chennai,mobile,social,P054,Adidas Yoga Mat,Sports,Equipment,1,1,5689.0,0.05,284.45,128.78,972.82,6506.15,Credit Card,completed,3378.52,3127.63
ORD0001316,EVT0030985,S007243,U00156,2026-05-06 15:31:03,2026-05-06,Delhi,desktop,social,P139,UrbanCo Wooden Chair Large,Home,Furniture,2,2,12980.0,0.05,649.0,144.53,2219.58,14695.11,Debit Card,completed,7490.44,7204.67
ORD0001310,EVT0030809,S007204,U00610,2026-05-06 18:01:16,2026-05-06,Pune,mobile,direct,P101,H&M Blue Cotton T-Shirt,Clothing,T-Shirts,2,2,1823.0,0.05,91.15,129.84,311.73,2173.42,UPI,completed,1204.78,968.64
ORD0001313,EVT0030872,S007218,U00487,2026-05-06 19:32:32,2026-05-06,Ahmedabad,mobile,direct,P060,Boat Bluetooth Headphones,Electronics,Headphones,2,2,70576.0,0.07,4940.32,0.0,11814.42,77450.1,Debit Card,completed,42048.81,35401.29
ORD0001320,EVT0031030,S007252,U00732,2026-05-06 20:05:05,2026-05-06,Ahmedabad,mobile,organic_search,P003,Nivea Shampoo,Beauty,Haircare,3,3,2277.0,0.08,182.16,76.8,377.07,2548.71,Credit Card,completed,1547.44,1001.27
ORD0001311,EVT0030841,S007213,U00311,2026-05-06 20:20:22,2026-05-06,Delhi,mobile,organic_search,P009,Nivea Lipstick,Beauty,Makeup,2,3,5986.0,0.05,299.3,54.64,1023.61,6764.95,Debit Card,completed,3811.03,2953.92
ORD0001314,EVT0030915,S007227,U00849,2026-05-06 21:25:46,2026-05-06,Hyderabad,mobile,direct,P185,Samsung Galaxy S21 64GB Blue,Electronics,Smartphone,2,2,78772.0,0.07,5514.04,0.0,13186.43,86444.39,COD,completed,54722.76,31721.63
ORD0001325,EVT0031193,S007289,U00768,2026-05-07 10:55:34,2026-05-07,Ahmedabad,mobile,organic_search,P183,Nike Sneakers Size 9,Sports,Shoes,1,1,1083.0,0.03,32.49,59.66,189.09,1299.26,UPI,completed,671.9,627.36
ORD0001323,EVT0031156,S007281,U00885,2026-05-07 13:32:31,2026-05-07,Hyderabad,mobile,organic_search,P090,Zara Red Polyester Shirt,Clothing,Shirts,3,3,3530.0,0.03,105.9,50.83,616.34,4091.27,UPI,completed,2330.33,1760.94
ORD0001326,EVT0031199,S007290,U00162,2026-05-07 15:12:34,2026-05-07,Bengaluru,mobile,organic_search,P133,H&M Green Polyester Jeans,Clothing,Jeans,3,4,2826.0,0.06,169.56,46.38,478.16,3180.98,UPI,completed,1952.16,1228.82
ORD0001324,EVT0031167,S007283,U00741,2026-05-07 16:59:37,2026-05-07,Kolkata,mobile,organic_search,P019,H&M Green Denim T-Shirt,Clothing,T-Shirts,2,2,3647.0,0.03,109.41,74.96,636.77,4249.32,Net Banking,completed,2268.38,1980.94
ORD0001321,EVT0031060,S007259,U00119,2026-05-07 20:03:03,2026-05-07,Chennai,tablet,organic_search,P067,Boat Wireless Earbuds,Electronics,Headphones,2,3,3699.0,0.0,0.0,105.16,665.82,4469.98,Credit Card,completed,2084.01,2385.97
ORD0001322,EVT0031118,S007272,U00644,2026-05-07 22:40:23,2026-05-07,Bengaluru,desktop,direct,P036,Nivea Hair Oil,Beauty,Haircare,3,3,3478.0,0.06,208.68,43.23,588.48,3901.03,UPI,completed,2228.4,1672.63
ORD0001327,EVT0031251,S007303,U00106,2026-05-08 08:43:17,2026-05-08,Bengaluru,mobile,email,P048,Nivea Moisturizer,Beauty,Skincare,1,1,1859.0,0.05,92.95,119.52,317.89,2203.46,UPI,completed,1313.54,889.92
ORD0001334,EVT0031413,S007341,U00596,2026-05-08 13:42:17,2026-05-08,Chennai,mobile,referral,P029,Adidas Running Shoes Size 8,Sports,Shoes,2,2,8478.0,0.03,254.34,143.86,1480.26,9847.78,Credit Card,completed,5530.68,4317.1
ORD0001331,EVT0031312,S007316,U00715,2026-05-08 17:22:21,2026-05-08,Bengaluru,desktop,paid_ads,P155,Adidas Sports T-Shirt,Sports,Activewear,3,3,10512.0,0.13,1366.56,69.91,1646.18,10861.53,Credit Card,completed,6921.11,3940.42
ORD0001333,EVT0031403,S007339,U00707,2026-05-08 17:35:50,2026-05-08,Mumbai,desktop,organic_search,P025,Lakme Foundation,Beauty,Makeup,1,1,462.0,0.03,13.86,136.43,80.67,665.24,Debit Card,completed,295.25,369.99
ORD0001328,EVT0031260,S007305,U00268,2026-05-08 17:51:36,2026-05-08,Chennai,desktop,paid_ads,P016,UrbanCo Cookware Set,Home,Kitchen,2,2,19345.0,0.05,967.25,92.14,3307.99,21777.88,Debit Card,completed,11866.01,9911.87
ORD0001329,EVT0031271,S007308,U00728,2026-05-08 18:17:50,2026-05-08,Bengaluru,desktop,organic_search,P012,Nivea Foundation,Beauty,Makeup,3,3,4941.0,0.08,395.28,76.35,818.23,5440.3,Credit Card,completed,3207.46,2232.84
ORD0001330,EVT0031285,S007311,U00292,2026-05-08 20:41:47,2026-05-08,Hyderabad,desktop,organic_search,P025,Lakme Foundation,Beauty,Makeup,2,2,1592.0,0.0,0.0,95.14,286.56,1973.7,Debit Card,completed,983.29,990.41
ORD0001332,EVT0031375,S007333,U00460,2026-05-08 21:20:43,2026-05-08,Mumbai,mobile,email,P126,UrbanCo Wooden Sofa Medium,Home,Furniture,1,1,5133.0,0.08,410.64,104.03,850.02,5676.41,Debit Card,completed,3630.0,2046.41
ORD0001335,EVT0031424,S007344,U00614,2026-05-08 22:49:16,2026-05-08,Pune,desktop,organic_search,P078,Zara Red Polyester Jeans,Clothing,Jeans,3,3,6626.0,0.08,530.08,41.83,1097.27,7235.02,Credit Card,completed,4069.14,3165.88
ORD0001336,EVT0031442,S007349,U00494,2026-05-09 11:37:50,2026-05-09,Hyderabad,mobile,direct,P110,H&M White Polyester Shirt,Clothing,Shirts,3,3,6456.0,0.03,193.68,47.4,1127.22,7436.94,UPI,completed,4045.01,3391.93
ORD0001339,EVT0031541,S007372,U00868,2026-05-09 12:10:40,2026-05-09,Delhi,desktop,direct,P144,UrbanCo Plastic Chair Small,Home,Furniture,2,2,24449.0,0.07,1711.43,0.0,4092.76,26830.33,COD,completed,19090.64,7739.69
ORD0001342,EVT0031622,S007392,U00444,2026-05-09 13:15:01,2026-05-09,Mumbai,desktop,direct,P190,Zara Green Cotton Jacket,Clothing,Jackets,3,3,7030.0,0.06,421.8,69.07,1189.48,7866.75,Credit Card,completed,4527.79,3338.96
ORD0001338,EVT0031534,S007371,U00308,2026-05-09 14:47:50,2026-05-09,Kolkata,mobile,direct,P025,Lakme Foundation,Beauty,Makeup,1,1,462.0,0.0,0.0,146.06,83.16,691.22,COD,completed,295.25,395.97
ORD0001341,EVT0031593,S007384,U00517,2026-05-09 16:47:32,2026-05-09,Kolkata,desktop,direct,P056,Lakme Shampoo,Beauty,Haircare,1,1,952.0,0.05,47.6,68.99,162.79,1136.18,Debit Card,completed,744.28,391.9
ORD0001340,EVT0031587,S007383,U00338,2026-05-09 16:54:12,2026-05-09,Kolkata,mobile,organic_search,P150,Adidas Track Pants,Sports,Activewear,1,1,2331.0,0.05,116.55,65.16,398.6,2678.21,UPI,completed,1802.93,875.28
ORD0001337,EVT0031448,S007350,U00318,2026-05-09 20:40:08,2026-05-09,Chennai,desktop,direct,P025,Lakme Foundation,Beauty,Makeup,2,2,2036.0,0.05,101.8,56.13,348.16,2338.49,Credit Card,completed,1332.05,1006.44
ORD0001350,EVT0031880,S007454,U00400,2026-05-10 08:10:15,2026-05-10,Chennai,desktop,direct,P012,Nivea Foundation,Beauty,Makeup,1,1,2237.0,0.05,111.85,100.2,382.53,2607.88,Net Banking,completed,1482.62,1125.26
ORD0001344,EVT0031712,S007414,U00643,2026-05-10 08:18:01,2026-05-10,Bengaluru,mobile,email,P006,UrbanCo Lamp,Home,Decor,3,3,25600.0,0.13,3328.0,0.0,4008.96,26280.96,Net Banking,completed,14551.65,11729.31
ORD0001348,EVT0031841,S007444,U00547,2026-05-10 09:32:11,2026-05-10,Chennai,desktop,paid_ads,P003,Nivea Shampoo,Beauty,Haircare,1,1,201.0,0.1,20.1,106.83,32.56,320.29,Debit Card,completed,138.91,181.38
ORD0001346,EVT0031816,S007438,U00482,2026-05-10 11:04:19,2026-05-10,Kolkata,mobile,paid_ads,P174,Zara Green Polyester T-Shirt,Clothing,T-Shirts,1,1,724.0,0.05,36.2,51.31,123.8,862.91,Net Banking,completed,442.66,420.25
ORD0001351,EVT0031890,S007456,U00197,2026-05-10 11:20:38,2026-05-10,Kolkata,tablet,direct,P029,Adidas Running Shoes Size 8,Sports,Shoes,2,3,4896.0,0.0,0.0,52.9,881.28,5830.18,Debit Card,completed,2873.3,2956.88
ORD0001353,EVT0031945,S007471,U00601,2026-05-10 15:49:17,2026-05-10,Ahmedabad,mobile,paid_ads,P003,Nivea Shampoo,Beauty,Haircare,2,3,1955.0,0.05,97.75,113.61,334.31,2305.17,UPI,completed,1512.19,792.98
ORD0001343,EVT0031667,S007404,U00501,2026-05-10 16:13:06,2026-05-10,Kolkata,mobile,social,P021,H&M Red Polyester T-Shirt,Clothing,T-Shirts,2,2,3601.0,0.0,0.0,76.49,648.18,4325.67,Debit Card,completed,2809.12,1516.55
ORD0001355,EVT0031960,S007474,U00439,2026-05-10 18:40:37,2026-05-10,Kolkata,mobile,direct,P003,Nivea Shampoo,Beauty,Haircare,1,1,201.0,0.05,10.05,111.49,34.37,336.81,UPI,completed,138.91,197.9
ORD0001354,EVT0031952,S007472,U00102,2026-05-10 19:31:08,2026-05-10,Kolkata,desktop,direct,P034,Lakme Lipstick,Beauty,Makeup,1,1,325.0,0.03,9.75,114.09,56.74,486.08,Credit Card,completed,186.84,299.24
ORD0001345,EVT0031757,S007425,U00508,2026-05-10 19:38:29,2026-05-10,Ahmedabad,mobile,paid_ads,P111,Zara Blue Cotton Jacket,Clothing,Jackets,2,3,4899.0,0.05,244.95,143.53,837.73,5635.31,UPI,completed,3041.34,2593.97
ORD0001352,EVT0031908,S007461,U00573,2026-05-10 20:48:52,2026-05-10,Delhi,tablet,referral,P148,Adidas Sneakers Size 7,Sports,Shoes,1,1,3461.0,0.03,103.83,104.25,604.29,4065.71,COD,completed,2268.23,1797.48
ORD0001347,EVT0031824,S007440,U00396,2026-05-10 20:57:23,2026-05-10,Bengaluru,mobile,organic_search,P012,Nivea Foundation,Beauty,Makeup,2,2,2562.0,0.0,0.0,108.78,461.16,3131.94,Credit Card,completed,1669.46,1462.48
ORD0001349,EVT0031868,S007451,U00294,2026-05-10 21:21:47,2026-05-10,Mumbai,mobile,organic_search,P003,Nivea Shampoo,Beauty,Haircare,1,1,201.0,0.05,10.05,98.68,34.37,324.0,UPI,completed,138.91,185.09
ORD0001357,EVT0032039,S007493,U00474,2026-05-11 10:29:13,2026-05-11,Mumbai,desktop,paid_ads,P108,H&M White Denim T-Shirt,Clothing,T-Shirts,2,2,1955.0,0.1,195.5,92.85,316.71,2169.06,Debit Card,completed,1317.58,851.48
ORD0001360,EVT0032089,S007505,U00728,2026-05-11 12:40:18,2026-05-11,Delhi,desktop,paid_ads,P159,Puma Sneakers Size 10,Sports,Shoes,3,3,10961.0,0.13,1424.93,39.1,1716.49,11291.66,Net Banking,completed,7571.9,3719.76
ORD0001362,EVT0032133,S007514,U00564,2026-05-11 14:45:19,2026-05-11,Delhi,desktop,direct,P129,H&M Black Denim Jacket,Clothing,Jackets,1,1,4451.0,0.0,0.0,140.21,801.18,5392.39,Credit Card,completed,3003.78,2388.61
ORD0001359,EVT0032082,S007504,U00099,2026-05-11 15:42:02,2026-05-11,Kolkata,mobile,social,P003,Nivea Shampoo,Beauty,Haircare,3,3,2904.0,0.13,377.52,47.28,454.77,3028.53,Credit Card,completed,2104.88,923.65
ORD0001358,EVT0032056,S007497,U00846,2026-05-11 15:56:23,2026-05-11,Pune,desktop,direct,P026,UrbanCo Wall Art,Home,Decor,2,2,19148.0,0.0,0.0,102.52,3446.64,22697.16,Debit Card,completed,14872.73,7824.43
ORD0001356,EVT0032031,S007491,U00222,2026-05-11 16:02:53,2026-05-11,Delhi,mobile,paid_ads,P055,Sony Wireless Earbuds,Electronics,Headphones,2,2,74980.0,0.12,8997.6,0.0,11876.83,77859.23,Credit Card,completed,50097.03,27762.2
ORD0001365,EVT0032183,S007526,U00277,2026-05-11 16:27:13,2026-05-11,Ahmedabad,tablet,paid_ads,P081,Adidas Dumbbells,Sports,Equipment,2,2,10265.0,0.1,1026.5,51.32,1662.93,10952.75,UPI,completed,6081.37,4871.38
ORD0001361,EVT0032095,S007506,U00022,2026-05-11 18:43:51,2026-05-11,Mumbai,desktop,organic_search,P048,Nivea Moisturizer,Beauty,Skincare,3,3,5649.0,0.06,338.94,72.8,955.81,6338.67,Wallet,completed,3795.25,2543.42
ORD0001364,EVT0032178,S007525,U00708,2026-05-11 22:09:19,2026-05-11,Hyderabad,mobile,direct,P009,Nivea Lipstick,Beauty,Makeup,3,3,5466.0,0.06,327.96,48.09,924.85,6110.98,Debit Card,completed,3645.76,2465.22
ORD0001363,EVT0032142,S007516,U00884,2026-05-11 22:38:08,2026-05-11,Kolkata,desktop,social,P027,Zara Black Cotton Shirt,Clothing,Shirts,2,2,4230.0,0.1,423.0,143.79,685.26,4636.05,Debit Card,completed,2494.15,2141.9
ORD0001366,EVT0032222,S007536,U00786,2026-05-12 08:25:53,2026-05-12,Bengaluru,desktop,organic_search,P166,H&M Black Cotton Jacket,Clothing,Jackets,2,2,6967.0,0.05,348.35,97.38,1191.36,7907.39,UPI,completed,4480.82,3426.57
ORD0001368,EVT0032303,S007554,U00460,2026-05-12 17:33:17,2026-05-12,Mumbai,mobile,organic_search,P080,Boat Phone Case,Electronics,Accessories,1,1,1006.0,0.0,0.0,112.18,181.08,1299.26,Debit Card,completed,683.96,615.3
ORD0001367,EVT0032240,S007541,U00318,2026-05-12 18:11:34,2026-05-12,Chennai,mobile,direct,P036,Nivea Hair Oil,Beauty,Haircare,2,2,2451.0,0.05,122.55,63.62,419.12,2811.19,Net Banking,completed,1723.44,1087.75
ORD0001369,EVT0032343,S007566,U00753,2026-05-12 19:21:32,2026-05-12,Chennai,mobile,paid_ads,P159,Puma Sneakers Size 10,Sports,Shoes,1,1,4766.0,0.05,238.3,78.65,814.99,5421.34,COD,completed,3653.9,1767.44
ORD0001377,EVT0032480,S007597,U00784,2026-05-13 10:45:30,2026-05-13,Mumbai,mobile,organic_search,P169,Nike Sneakers Size 10,Sports,Shoes,3,4,9287.0,0.03,278.61,59.6,1621.51,10689.5,UPI,completed,5700.19,4989.31
ORD0001376,EVT0032468,S007595,U00364,2026-05-13 12:46:21,2026-05-13,Pune,tablet,email,P025,Lakme Foundation,Beauty,Makeup,2,2,1339.0,0.12,160.68,129.67,212.1,1520.09,UPI,completed,981.89,538.2
ORD0001378,EVT0032496,S007600,U00572,2026-05-13 14:12:38,2026-05-13,Chennai,mobile,direct,P053,Puma Dumbbells,Sports,Equipment,2,3,17426.0,0.05,871.3,121.67,2979.85,19656.22,Debit Card,completed,10226.24,9429.98
ORD0001373,EVT0032407,S007581,U00450,2026-05-13 15:04:36,2026-05-13,Bengaluru,desktop,organic_search,P149,Zara Blue Denim Jacket,Clothing,Jackets,2,3,9319.0,0.0,0.0,87.73,1677.42,11084.15,Credit Card,completed,4975.77,6108.38
ORD0001375,EVT0032446,S007591,U00422,2026-05-13 15:15:50,2026-05-13,Chennai,mobile,social,P114,JBL Wireless Earbuds,Electronics,Headphones,2,2,4254.0,0.1,425.4,119.44,689.15,4637.19,Credit Card,completed,2454.54,2182.65
ORD0001372,EVT0032380,S007574,U00827,2026-05-13 16:59:57,2026-05-13,Kolkata,mobile,organic_search,P101,H&M Blue Cotton T-Shirt,Clothing,T-Shirts,3,3,4081.0,0.06,244.86,62.56,690.51,4589.21,Debit Card,completed,2404.44,2184.77
ORD0001374,EVT0032420,S007584,U00321,2026-05-13 17:57:50,2026-05-13,Chennai,desktop,email,P179,Zara Black Polyester Shirt,Clothing,Shirts,1,1,2943.0,0.08,235.44,133.84,487.36,3328.76,Credit Card,completed,1669.5,1659.26
ORD0001370,EVT0032365,S007571,U00096,2026-05-13 18:21:56,2026-05-13,Kolkata,desktop,organic_search,P117,Nike Running Shoes Size 10,Sports,Shoes,1,1,5153.0,0.05,257.65,67.78,881.16,5844.29,Credit Card,completed,2835.27,3009.02
ORD0001371,EVT0032371,S007572,U00308,2026-05-13 22:40:35,2026-05-13,Pune,mobile,organic_search,P017,Lakme Face Wash,Beauty,Skincare,2,3,4516.0,0.05,225.8,143.47,772.24,5205.91,Credit Card,completed,2744.24,2461.67
ORD0001389,EVT0032637,S007631,U00203,2026-05-14 09:13:19,2026-05-14,Ahmedabad,desktop,social,P136,Zara Red Cotton Shirt,Clothing,Shirts,3,4,9456.0,0.08,756.48,75.43,1565.91,10340.86,Credit Card,completed,5925.45,4415.41
ORD0001387,EVT0032579,S007618,U00358,2026-05-14 10:01:31,2026-05-14,Mumbai,tablet,email,P036,Nivea Hair Oil,Beauty,Haircare,2,2,3114.0,0.05,155.7,140.42,532.49,3631.21,Credit Card,completed,2169.26,1461.95
ORD0001386,EVT0032574,S007617,U00403,2026-05-14 11:47:30,2026-05-14,Ahmedabad,desktop,social,P126,UrbanCo Wooden Sofa Medium,Home,Furniture,1,1,5133.0,0.1,513.3,118.09,831.55,5569.34,Debit Card,completed,3630.0,1939.34
ORD0001382,EVT0032528,S007606,U00132,2026-05-14 14:01:02,2026-05-14,Bengaluru,mobile,email,P081,Adidas Dumbbells,Sports,Equipment,1,1,5112.0,0.05,255.6,124.99,874.15,5855.54,Debit Card,completed,3246.1,2609.44
ORD0001388,EVT0032629,S007629,U00382,2026-05-14 14:48:22,2026-05-14,Ahmedabad,desktop,organic_search,P006,UrbanCo Lamp,Home,Decor,3,3,23436.0,0.1,2343.6,0.0,3796.63,24889.03,UPI,completed,13665.66,11223.37
ORD0001380,EVT0032510,S007603,U00677,2026-05-14 16:12:37,2026-05-14,Ahmedabad,tablet,organic_search,P007,Lakme Hair Oil,Beauty,Haircare,3,4,4683.0,0.08,374.64,76.91,775.5,5160.77,Credit Card,completed,2974.08,2186.69
ORD0001383,EVT0032550,S007612,U00206,2026-05-14 17:45:58,2026-05-14,Chennai,mobile,email,P115,Nike Sports T-Shirt,Sports,Activewear,1,1,2606.0,0.12,312.72,87.58,412.79,2793.65,Wallet,completed,2068.53,725.12
ORD0001381,EVT0032516,S007604,U00429,2026-05-14 18:23:26,2026-05-14,Chennai,desktop,direct,P198,Zara Black Polyester Jeans,Clothing,Jeans,1,1,2065.0,0.03,61.95,81.92,360.55,2445.52,Net Banking,completed,1300.02,1145.5
ORD0001391,EVT0032679,S007640,U00688,2026-05-14 18:31:30,2026-05-14,Ahmedabad,tablet,organic_search,P068,Puma Sports T-Shirt,Sports,Activewear,3,3,20935.0,0.08,1674.8,0.0,3466.84,22727.04,Debit Card,completed,12310.64,10416.4
ORD0001379,EVT0032501,S007601,U00820,2026-05-14 20:29:30,2026-05-14,Bengaluru,desktop,organic_search,P029,Adidas Running Shoes Size 8,Sports,Shoes,3,3,16170.0,0.08,1293.6,46.74,2677.75,17600.89,UPI,completed,10305.91,7294.98
ORD0001390,EVT0032646,S007633,U00468,2026-05-14 20:41:12,2026-05-14,Bengaluru,mobile,direct,P025,Lakme Foundation,Beauty,Makeup,3,3,3895.0,0.08,311.6,54.61,645.01,4283.02,Wallet,completed,2645.59,1637.43
ORD0001385,EVT0032569,S007616,U00051,2026-05-14 22:02:03,2026-05-14,Delhi,desktop,social,P025,Lakme Foundation,Beauty,Makeup,2,2,2699.0,0.05,134.95,90.68,461.53,3116.26,UPI,completed,1777.87,1338.39
ORD0001384,EVT0032561,S007614,U00627,2026-05-14 22:27:05,2026-05-14,Ahmedabad,desktop,direct,P168,Dell Aspire Air 16GB RAM 1TB SSD,Electronics,Laptop,1,1,91247.0,0.05,4562.35,0.0,15603.24,102287.89,Debit Card,completed,53178.29,49109.6
ORD0001397,EVT0032875,S007689,U00677,2026-05-15 08:35:48,2026-05-15,Ahmedabad,mobile,direct,P012,Nivea Foundation,Beauty,Makeup,3,5,8315.0,0.03,249.45,53.07,1451.8,9570.42,UPI,completed,5235.3,4335.12
ORD0001401,EVT0032924,S007700,U00627,2026-05-15 11:23:04,2026-05-15,Ahmedabad,desktop,social,P009,Nivea Lipstick,Beauty,Makeup,1,1,2838.0,0.05,141.9,72.47,485.3,3253.87,UPI,completed,1737.43,1516.44
ORD0001395,EVT0032764,S007660,U00838,2026-05-15 12:42:50,2026-05-15,Delhi,tablet,direct,P019,H&M Green Denim T-Shirt,Clothing,T-Shirts,3,5,7490.0,0.08,599.2,65.24,1240.34,8196.38,UPI,completed,5443.78,2752.6
ORD0001402,EVT0032951,S007707,U00634,2026-05-15 12:56:29,2026-05-15,Mumbai,mobile,referral,P026,UrbanCo Wall Art,Home,Decor,3,3,43239.0,0.05,2161.95,0.0,7393.87,48470.92,Debit Card,completed,24378.31,24092.61
ORD0001398,EVT0032899,S007694,U00802,2026-05-15 13:09:47,2026-05-15,Bengaluru,mobile,direct,P002,Nike Yoga Mat,Sports,Equipment,3,3,10540.0,0.08,843.2,61.54,1745.42,11503.76,Wallet,completed,6307.9,5195.86
ORD0001392,EVT0032708,S007647,U00059,2026-05-15 15:44:23,2026-05-15,Chennai,desktop,direct,P004,UrbanCo Mixer,Home,Kitchen,2,2,24890.0,0.05,1244.5,0.0,4256.19,27901.69,Net Banking,completed,13064.82,14836.87
ORD0001400,EVT0032916,S007698,U00105,2026-05-15 17:44:53,2026-05-15,Kolkata,mobile,direct,P144,UrbanCo Plastic Chair Small,Home,Furniture,1,1,6908.0,0.03,207.24,53.34,1206.14,7960.24,Credit Card,completed,5323.52,2636.72
ORD0001393,EVT0032742,S007655,U00669,2026-05-15 19:05:51,2026-05-15,Chennai,mobile,organic_search,P003,Nivea Shampoo,Beauty,Haircare,3,4,6541.0,0.08,523.28,52.75,1083.19,7153.66,UPI,completed,4319.72,2833.94
ORD0001403,EVT0032958,S007708,U00407,2026-05-15 20:19:05,2026-05-15,Hyderabad,desktop,organic_search,P034,Lakme Lipstick,Beauty,Makeup,2,2,1796.0,0.05,89.8,112.61,307.12,2125.93,Net Banking,completed,1040.56,1085.37
ORD0001399,EVT0032906,S007695,U00647,2026-05-15 20:55:31,2026-05-15,Bengaluru,mobile,paid_ads,P100,Zara Green Cotton Shirt,Clothing,Shirts,2,2,5736.0,0.05,286.8,98.17,980.86,6528.23,COD,completed,4327.1,2201.13
ORD0001396,EVT0032791,S007667,U00807,2026-05-15 20:57:29,2026-05-15,Chennai,desktop,direct,P056,Lakme Shampoo,Beauty,Haircare,2,2,1153.0,0.0,0.0,66.78,207.54,1427.32,Debit Card,completed,883.19,544.13
ORD0001394,EVT0032749,S007656,U00798,2026-05-15 21:05:05,2026-05-15,Kolkata,desktop,organic_search,P114,JBL Wireless Earbuds,Electronics,Headphones,3,4,57293.0,0.08,4583.44,0.0,9487.72,62197.28,Wallet,completed,31189.76,31007.52
ORD0001405,EVT0032971,S007710,U00076,2026-05-15 21:27:02,2026-05-15,Hyderabad,mobile,social,P055,Sony Wireless Earbuds,Electronics,Headphones,2,2,91820.0,0.07,6427.4,0.0,15370.67,100763.27,Wallet,completed,49581.6,51181.67
ORD0001404,EVT0032964,S007709,U00530,2026-05-15 21:59:02,2026-05-15,Bengaluru,mobile,paid_ads,P003,Nivea Shampoo,Beauty,Haircare,2,2,3039.0,0.05,151.95,130.59,519.67,3537.31,Wallet,completed,1876.34,1660.97
ORD0001406,EVT0033052,S007732,U00107,2026-05-16 08:09:38,2026-05-16,Ahmedabad,mobile,paid_ads,P038,Adidas Running Shoes Size 9,Sports,Shoes,3,3,14814.0,0.18,2666.52,57.65,2186.55,14391.68,COD,completed,9205.12,5186.56
ORD0001409,EVT0033091,S007741,U00717,2026-05-16 10:14:52,2026-05-16,Chennai,mobile,direct,P115,Nike Sports T-Shirt,Sports,Activewear,2,2,9859.0,0.05,492.95,102.83,1685.89,11154.77,UPI,completed,7311.49,3843.28
ORD0001408,EVT0033075,S007738,U00313,2026-05-16 10:31:07,2026-05-16,Mumbai,mobile,organic_search,P023,Zara White Cotton T-Shirt,Clothing,T-Shirts,1,1,474.0,0.05,23.7,114.59,81.05,645.94,Credit Card,completed,242.72,403.22
ORD0001414,EVT0033249,S007777,U00261,2026-05-16 13:33:08,2026-05-16,Bengaluru,mobile,direct,P148,Adidas Sneakers Size 7,Sports,Shoes,3,3,9196.0,0.06,551.76,70.58,1555.96,10270.78,Net Banking,completed,5397.65,4873.13
ORD0001413,EVT0033228,S007773,U00709,2026-05-16 16:11:44,2026-05-16,Mumbai,desktop,direct,P069,Apple iPhone 13 128GB Black,Electronics,Smartphone,1,1,65851.0,0.07,4609.57,0.0,11023.46,72264.89,Debit Card,completed,41209.75,31055.14
ORD0001410,EVT0033110,S007745,U00147,2026-05-16 19:03:45,2026-05-16,Ahmedabad,desktop,social,P178,UrbanCo Metal Sofa Small,Home,Furniture,3,3,40808.0,0.05,2040.4,0.0,6978.17,45745.77,UPI,completed,22810.79,22934.98
ORD0001412,EVT0033176,S007761,U00689,2026-05-16 19:10:51,2026-05-16,Delhi,desktop,organic_search,P169,Nike Sneakers Size 10,Sports,Shoes,2,2,15979.0,0.0,0.0,143.8,2876.22,18999.02,Credit Card,completed,9364.91,9634.11
ORD0001411,EVT0033143,S007755,U00658,2026-05-16 19:28:03,2026-05-16,Hyderabad,desktop,paid_ads,P029,Adidas Running Shoes Size 8,Sports,Shoes,2,3,4218.0,0.05,210.9,71.42,721.28,4799.8,Net Banking,completed,2506.52,2293.28
ORD0001407,EVT0033064,S007735,U00335,2026-05-16 23:02:18,2026-05-16,Kolkata,mobile,social,P112,HP Pavilion 32GB RAM 256GB SSD,Electronics,Laptop,2,2,66914.0,0.12,8029.68,0.0,10599.18,69483.5,UPI,completed,40803.85,28679.65
ORD0001423,EVT0033485,S007833,U00714,2026-05-17 08:09:42,2026-05-17,Chennai,desktop,referral,P068,Puma Sports T-Shirt,Sports,Activewear,2,2,7695.0,0.0,0.0,80.3,1385.1,9160.4,UPI,completed,5568.28,3592.12
ORD0001415,EVT0033313,S007793,U00444,2026-05-17 11:49:32,2026-05-17,Mumbai,mobile,direct,P067,Boat Wireless Earbuds,Electronics,Headphones,2,2,39257.0,0.02,785.14,0.0,6924.93,45396.79,Credit Card,completed,23192.96,22203.83
ORD0001418,EVT0033362,S007804,U00562,2026-05-17 13:58:01,2026-05-17,Mumbai,mobile,paid_ads,P048,Nivea Moisturizer,Beauty,Skincare,2,3,2261.0,0.1,226.1,141.6,366.28,2542.78,UPI,completed,1591.36,951.42
ORD0001421,EVT0033439,S007822,U00006,2026-05-17 15:27:56,2026-05-17,Ahmedabad,mobile,direct,P180,Zara White Denim T-Shirt,Clothing,T-Shirts,3,3,9292.0,0.03,278.76,70.13,1622.38,10705.75,UPI,completed,4895.69,5810.06
ORD0001420,EVT0033419,S007818,U00508,2026-05-17 15:55:13,2026-05-17,Ahmedabad,mobile,organic_search,P016,UrbanCo Cookware Set,Home,Kitchen,1,1,8363.0,0.05,418.15,123.44,1430.07,9498.36,Net Banking,completed,4351.92,5146.44
ORD0001422,EVT0033456,S007825,U00267,2026-05-17 16:38:00,2026-05-17,Bengaluru,mobile,direct,P039,Puma Track Pants,Sports,Activewear,2,2,7782.0,0.0,0.0,79.69,1400.76,9262.45,Wallet,completed,5456.76,3805.69
ORD0001417,EVT0033356,S007803,U00609,2026-05-17 17:50:37,2026-05-17,Hyderabad,desktop,organic_search,P169,Nike Sneakers Size 10,Sports,Shoes,1,1,1381.0,0.03,41.43,91.43,241.12,1672.12,Debit Card,completed,927.59,744.53
ORD0001419,EVT0033403,S007814,U00661,2026-05-17 18:47:34,2026-05-17,Ahmedabad,mobile,direct,P016,UrbanCo Cookware Set,Home,Kitchen,1,1,8363.0,0.03,250.89,145.42,1460.18,9717.71,Debit Card,completed,4351.92,5365.79
ORD0001416,EVT0033333,S007797,U00762,2026-05-17 21:57:03,2026-05-17,Mumbai,desktop,direct,P034,Lakme Lipstick,Beauty,Makeup,2,3,2585.0,0.03,77.55,70.3,451.34,3029.09,Credit Card,completed,1562.92,1466.17
ORD0001428,EVT0033613,S007865,U00281,2026-05-18 08:16:21,2026-05-18,Delhi,mobile,organic_search,P088,Zara Red Denim Jeans,Clothing,Jeans,3,3,7014.0,0.03,210.42,53.33,1224.64,8081.55,Credit Card,completed,4366.55,3715.0
ORD0001424,EVT0033526,S007842,U00420,2026-05-18 08:50:49,2026-05-18,Hyderabad,mobile,paid_ads,P155,Adidas Sports T-Shirt,Sports,Activewear,1,1,1397.0,0.15,209.55,100.21,213.74,1501.4,Debit Card,completed,763.25,738.15
ORD0001434,EVT0033699,S007885,U00850,2026-05-18 12:03:38,2026-05-18,Kolkata,mobile,organic_search,P019,H&M Green Denim T-Shirt,Clothing,T-Shirts,3,3,9964.0,0.08,797.12,76.05,1650.04,10892.97,Credit Card,completed,6193.28,4699.69
ORD0001425,EVT0033569,S007853,U00502,2026-05-18 12:16:12,2026-05-18,Ahmedabad,mobile,organic_search,P068,Puma Sports T-Shirt,Sports,Activewear,2,2,6921.0,0.03,207.63,121.58,1208.41,8043.36,UPI,completed,3707.05,4336.31
ORD0001431,EVT0033663,S007877,U00585,2026-05-18 12:31:24,2026-05-18,Delhi,desktop,organic_search,P003,Nivea Shampoo,Beauty,Haircare,3,3,1793.0,0.08,143.44,63.45,296.92,2009.93,Wallet,completed,1122.2,887.73
ORD0001432,EVT0033675,S007879,U00408,2026-05-18 13:46:04,2026-05-18,Kolkata,mobile,paid_ads,P133,H&M Green Polyester Jeans,Clothing,Jeans,3,3,7758.0,0.18,1396.44,69.44,1145.08,7576.08,Credit Card,completed,4483.67,3092.41
ORD0001433,EVT0033687,S007882,U00316,2026-05-18 15:29:35,2026-05-18,Chennai,mobile,social,P108,H&M White Denim T-Shirt,Clothing,T-Shirts,1,1,1041.0,0.05,52.05,131.19,178.01,1298.15,Credit Card,completed,713.01,585.14
ORD0001426,EVT0033579,S007855,U00596,2026-05-18 17:04:24,2026-05-18,Kolkata,desktop,social,P011,UrbanCo Wooden Sofa Small,Home,Furniture,1,1,26505.0,0.07,1855.35,0.0,4436.94,29086.59,UPI,completed,13428.22,15658.37
ORD0001429,EVT0033644,S007873,U00801,2026-05-18 18:20:34,2026-05-18,Pune,desktop,email,P103,Zara Red Cotton Jacket,Clothing,Jackets,3,3,4561.0,0.08,364.88,58.12,755.3,5009.54,Debit Card,completed,3234.74,1774.8
ORD0001427,EVT0033585,S007856,U00582,2026-05-18 19:20:45,2026-05-18,Ahmedabad,mobile,organic_search,P170,H&M Green Cotton Shirt,Clothing,Shirts,2,2,1235.0,0.05,61.75,93.18,211.19,1477.62,UPI,completed,727.96,749.66
ORD0001430,EVT0033649,S007874,U00570,2026-05-18 21:16:04,2026-05-18,Kolkata,mobile,direct,P012,Nivea Foundation,Beauty,Makeup,2,2,2699.0,0.03,80.97,80.8,471.25,3170.08,Debit Card,completed,1777.87,1392.21
ORD0001436,EVT0033786,S007906,U00029,2026-05-19 13:54:01,2026-05-19,Mumbai,tablet,organic_search,P074,Nike Running Shoes Size 9,Sports,Shoes,1,1,4123.0,0.0,0.0,135.4,742.14,5000.54,Credit Card,completed,2333.78,2666.76
ORD0001438,EVT0033920,S007938,U00583,2026-05-19 19:28:54,2026-05-19,Chennai,desktop,email,P079,Boat Charger,Electronics,Accessories,2,2,83629.0,0.1,8362.9,0.0,13547.9,88814.0,Debit Card,completed,60623.6,28190.4
ORD0001435,EVT0033735,S007892,U00303,2026-05-19 20:14:24,2026-05-19,Delhi,desktop,social,P034,Lakme Lipstick,Beauty,Makeup,2,2,2076.0,0.1,207.6,128.57,336.31,2333.28,Net Banking,completed,1408.53,924.75
ORD0001437,EVT0033880,S007930,U00700,2026-05-19 22:24:44,2026-05-19,Bengaluru,mobile,organic_search,P093,Zara Green Polyester Jeans,Clothing,Jeans,3,4,5982.0,0.08,478.56,73.98,990.62,6568.04,Net Banking,completed,4039.53,2528.51
ORD0001445,EVT0034136,S007990,U00821,2026-05-20 08:55:30,2026-05-20,Pune,desktop,email,P170,H&M Green Cotton Shirt,Clothing,Shirts,2,2,5015.0,0.05,250.75,88.12,857.56,5709.93,Credit Card,completed,3211.84,2498.09
ORD0001442,EVT0034047,S007968,U00663,2026-05-20 12:50:51,2026-05-20,Kolkata,mobile,organic_search,P017,Lakme Face Wash,Beauty,Skincare,3,3,3634.0,0.08,290.72,53.96,601.79,3999.03,Credit Card,completed,2489.25,1509.78
ORD0001440,EVT0034003,S007958,U00762,2026-05-20 13:36:41,2026-05-20,Mumbai,desktop,direct,P029,Adidas Running Shoes Size 8,Sports,Shoes,2,2,5529.0,0.0,0.0,96.31,995.22,6620.53,Debit Card,completed,3352.61,3267.92
ORD0001446,EVT0034150,S007993,U00182,2026-05-20 13:41:30,2026-05-20,Bengaluru,mobile,organic_search,P034,Lakme Lipstick,Beauty,Makeup,1,1,325.0,0.0,0.0,70.64,58.5,454.14,Credit Card,completed,186.84,267.3
ORD0001443,EVT0034107,S007984,U00507,2026-05-20 14:26:28,2026-05-20,Hyderabad,mobile,direct,P014,Nike Track Pants,Sports,Activewear,2,2,4536.0,0.0,0.0,134.7,816.48,5487.18,UPI,completed,2979.3,2507.88
ORD0001441,EVT0034028,S007963,U00008,2026-05-20 16:13:06,2026-05-20,Pune,tablet,email,P085,UrbanCo Plastic Dining Table Large,Home,Furniture,1,1,12303.0,0.05,615.15,106.43,2103.81,13898.09,UPI,completed,7894.07,6004.02
ORD0001439,EVT0033974,S007952,U00213,2026-05-20 17:39:36,2026-05-20,Bengaluru,mobile,social,P148,Adidas Sneakers Size 7,Sports,Shoes,1,1,3461.0,0.1,346.1,87.5,560.68,3763.08,Net Banking,completed,2268.23,1494.85
ORD0001444,EVT0034119,S007986,U00550,2026-05-20 20:11:27,2026-05-20,Kolkata,mobile,direct,P039,Puma Track Pants,Sports,Activewear,1,1,1372.0,0.0,0.0,59.68,246.96,1678.64,Credit Card,completed,1010.46,668.18
